Date,AAPL,CVX,GC=F,GOOGL,MSFT,XOM,^GSPC
2023-01-03,123.09602355957031,151.90130615234375,1839.699951171875,88.38946533203125,233.4528045654297,95.4342041015625,3824.139892578125
2023-01-04,124.36566925048828,150.2861328125,1852.800048828125,87.35798645019531,223.24081420898438,95.71195983886719,3852.969970703125
2023-01-05,123.04681396484375,152.99261474609375,1834.800048828125,85.49340057373047,216.6244659423828,97.85343170166016,3808.10009765625
2023-01-06,127.57421875,154.14505004882812,1864.199951171875,86.62405395507812,219.17745971679688,99.03617095947266,3895.080078125
2023-01-09,128.09584045410156,152.9402313232422,1872.699951171875,87.2984848022461,221.3114471435547,97.19038391113281,3892.090087890625
2023-01-10,128.66668701171875,153.6910400390625,1871.5999755859375,87.69519805908203,222.99720764160156,98.64191436767578,3919.25
2023-01-11,131.3831329345703,152.9576873779297,1874.5999755859375,90.76978302001953,229.74024963378906,99.78882598876953,3969.610107421875
2023-01-12,131.30438232421875,154.59898376464844,1895.5,90.38298034667969,232.41015625,101.44645690917969,3983.169921875
2023-01-13,132.63308715820312,155.01808166503906,1918.4000244140625,91.36488342285156,233.11175537109375,101.38372039794922,3999.090087890625
2023-01-17,133.7944793701172,157.5760955810547,1907.199951171875,90.54167938232422,234.20309448242188,101.18659210205078,3990.969970703125
2023-01-18,133.07598876953125,154.72994995117188,1904.4000244140625,90.37307739257812,229.7791748046875,99.10785675048828,3928.860107421875
2023-01-19,133.1350555419922,156.27525329589844,1922.0999755859375,92.2872543334961,225.99842834472656,99.7440185546875,3898.85009765625
2023-01-20,135.6940155029297,157.93402099609375,1926.4000244140625,97.21649932861328,234.0764617919922,101.56291198730469,3972.610107421875
2023-01-23,138.8828582763672,157.72451782226562,1927.0999755859375,98.97200012207031,236.37608337402344,101.0342788696289,4019.81005859375
2023-01-24,140.2804412841797,157.8729248046875,1933.9000244140625,96.89912414550781,235.84988403320312,101.97509002685547,4016.949951171875
2023-01-25,139.62103271484375,156.34510803222656,1941.199951171875,94.43946075439453,234.45645141601562,101.43749237060547,4016.219970703125
2023-01-26,141.6879119873047,163.94932556152344,1929.0999755859375,96.7206039428711,241.65745544433594,105.51433563232422,4060.429931640625
2023-01-27,143.6267547607422,156.6681365966797,1928.5999755859375,98.5554428100586,241.81336975097656,103.5879135131836,4070.56005859375
2023-01-30,140.7430419921875,152.0846405029297,1922.9000244140625,96.14535522460938,236.5027618408203,101.7510757446289,4017.77001953125
2023-01-31,142.01268005371094,151.92747497558594,1929.5,98.02977752685547,241.47232055664062,103.94631958007812,4076.60009765625
2023-02-01,143.1346893310547,149.6051788330078,1927.800048828125,99.60675048828125,246.28599548339844,102.80838775634766,4119.2099609375
2023-02-02,148.4396209716797,147.5535125732422,1916.300048828125,106.85682678222656,257.8329162597656,99.59170532226562,4179.759765625
2023-02-03,152.0615234375,147.93763732910156,1862.9000244140625,103.92108917236328,251.7427520751953,100.2816162109375,4136.47998046875
2023-02-06,149.33523559570312,148.10354614257812,1866.199951171875,102.0565185546875,250.203125,100.11138916015625,4111.080078125
2023-02-07,152.2091522216797,151.9886016845703,1871.699951171875,106.75765228271484,260.7172546386719,102.96965026855469,4164.0
2023-02-08,149.52227783203125,148.4178466796875,1877.4000244140625,98.5554428100586,259.908447265625,102.07363891601562,4117.85986328125
2023-02-09,148.48883056640625,147.05587768554688,1866.199951171875,94.23118591308594,256.8779296875,102.45893859863281,4081.5
2023-02-10,148.85354614257812,150.1377410888672,1862.800048828125,93.79478454589844,256.371337890625,106.7777099609375,4090.4599609375
2023-02-13,151.65296936035156,149.29962158203125,1851.9000244140625,93.83445739746094,264.3810729980469,106.36237335205078,4137.2900390625
2023-02-14,151.01223754882812,150.4432830810547,1854.0,93.90388488769531,265.2093505859375,105.1163558959961,4136.1298828125
2023-02-15,153.11184692382812,148.85791015625,1834.199951171875,96.14535522460938,263.0894775390625,104.80034637451172,4147.60009765625
2023-02-16,151.51499938964844,146.70887756347656,1842.0,94.72708129882812,256.0854187011719,104.49335479736328,4090.409912109375
2023-02-17,150.37152099609375,143.43243408203125,1840.4000244140625,93.57658386230469,252.08998107910156,100.47542572021484,4079.090087890625
2023-02-21,146.3596649169922,141.80299377441406,1833.0,91.0375747680664,246.82469177246094,100.3760986328125,3997.340087890625
2023-02-22,146.78350830078125,141.2305145263672,1832.0,90.89872741699219,245.6915283203125,99.07589721679688,3991.050048828125
2023-02-23,147.26651000976562,142.62213134765625,1818.0,90.14494323730469,248.87612915039062,99.98785400390625,4012.320068359375
2023-02-24,144.61497497558594,143.0448760986328,1808.800048828125,88.39938354492188,243.4545440673828,99.99686431884766,3970.0400390625
2023-02-27,145.8076629638672,143.40602111816406,1817.0,89.13331604003906,244.37278747558594,99.8163070678711,3982.239990234375
2023-02-28,145.30496215820312,141.60043334960938,1828.9000244140625,89.32176208496094,243.6498565673828,99.23843383789062,3970.14990234375
2023-03-01,143.23492431640625,142.72781372070312,1837.699951171875,89.61930084228516,240.57276916503906,100.12328338623047,3951.389892578125
2023-03-02,143.8263702392578,143.17698669433594,1833.5,91.24585723876953,245.30081176757812,100.5837631225586,3981.35009765625
2023-03-03,148.8732452392578,145.2908477783203,1847.699951171875,92.88233184814453,249.38409423828125,101.85686492919922,4045.639892578125
2023-03-06,151.63328552246094,146.35655212402344,1847.9000244140625,94.35020446777344,250.9275665283203,102.75977325439453,4048.419921875
2023-03-07,149.4351043701172,144.4717254638672,1813.9000244140625,93.09060668945312,248.2704620361328,100.77338409423828,3986.3701171875
2023-03-08,150.68698120117188,143.5557403564453,1812.699951171875,93.4774169921875,247.83084106445312,99.3016357421875,3992.010009765625
2023-03-09,148.43954467773438,141.37142944335938,1829.300048828125,91.56322479248047,246.48281860351562,98.53417205810547,3918.320068359375
2023-03-10,146.37936401367188,140.631591796875,1862.0,89.88707733154297,242.83909606933594,97.31524658203125,3861.590087890625
2023-03-13,148.32125854492188,139.78607177734375,1911.699951171875,90.36314392089844,248.04580688476562,96.19564056396484,3855.760009765625
2023-03-14,150.4109649658203,141.5916290283203,1906.199951171875,93.19969940185547,254.7568359375,96.55681610107422,3919.2900390625
2023-03-15,150.80528259277344,135.46148681640625,1926.5999755859375,95.32215881347656,259.29931640625,91.75334930419922,3891.929931640625
2023-03-16,153.62442016601562,135.89305114746094,1919.0,99.49765014648438,269.81036376953125,91.22061920166016,3960.280029296875
2023-03-17,152.78656005859375,134.17559814453125,1969.800048828125,100.78700256347656,272.9656066894531,90.14617156982422,3916.639892578125
2023-03-20,155.15228271484375,136.1484832763672,1979.199951171875,100.39026641845703,265.93212890625,92.50275421142578,3951.570068359375
2023-03-21,157.0054473876953,140.3145294189453,1938.0,104.05994415283203,267.4463195800781,96.64710235595703,4002.8701171875
2023-03-22,155.5761260986328,137.46084594726562,1946.800048828125,102.52265930175781,265.9908142089844,94.43497467041016,3936.969970703125
2023-03-23,156.66043090820312,136.09567260742188,1993.800048828125,104.734375,271.236572265625,93.36956024169922,3948.719970703125
2023-03-24,157.96160888671875,137.45201110839844,1982.0999755859375,104.57569885253906,274.07928466796875,93.4779052734375,3970.989990234375
2023-03-27,156.01971435546875,138.85243225097656,1952.4000244140625,101.62010192871094,269.9862060546875,95.52749633789062,3977.530029296875
2023-03-28,155.39866638183594,140.47308349609375,1972.4000244140625,100.20182800292969,268.86279296875,96.71932220458984,3971.27001953125
2023-03-29,158.4741668701172,141.67971801757812,1966.0999755859375,100.55887603759766,274.0206604003906,98.38066864013672,4027.81005859375
2023-03-30,160.04147338867188,143.02725219726562,1980.300048828125,100.06298065185547,277.478759765625,98.85921478271484,4050.830078125
2023-03-31,162.545166015625,143.7054443359375,1969.0,102.87970733642578,281.6304626464844,99.0127182006836,4109.31005859375
2023-04-03,163.79705810546875,149.6858673095703,1983.9000244140625,103.50453186035156,280.5851745605469,104.85450744628906,4124.509765625
2023-04-04,163.26478576660156,148.88438415527344,2022.199951171875,103.86158752441406,280.5363464355469,103.85227966308594,4100.60009765625
2023-04-05,161.42147827148438,149.6241912841797,2020.9000244140625,103.61363220214844,277.7619934082031,105.63101959228516,4090.3798828125
2023-04-06,162.30860900878906,147.6601104736328,2011.9000244140625,107.53125,284.8541259765625,103.87937927246094,4105.02001953125
2023-04-10,159.71617126464844,148.22373962402344,1989.0999755859375,105.56749725341797,282.69525146484375,103.41889190673828,4109.10986328125
2023-04-11,158.50372314453125,149.0428924560547,2004.800048828125,104.48641967773438,276.2869873046875,104.15025329589844,4108.93994140625
2023-04-12,157.813720703125,149.5713348388672,2010.9000244140625,103.78223419189453,276.931640625,104.04191589355469,4091.949951171875
2023-04-13,163.19577026367188,151.57069396972656,2041.300048828125,106.54937744140625,283.13482666015625,104.52946472167969,4146.22021484375
2023-04-14,162.8507537841797,151.87893676757812,2002.199951171875,107.9775619506836,279.52044677734375,104.78227233886719,4137.64013671875
2023-04-17,162.8704833984375,150.5402069091797,1994.199951171875,105.10134887695312,282.11883544921875,103.56334686279297,4151.31982421875
2023-04-18,164.09274291992188,150.18788146972656,2007.4000244140625,103.64338684082031,281.6988220214844,105.58586883544922,4154.8701171875
2023-04-19,165.2362060546875,150.3288116455078,1995.199951171875,103.32601928710938,281.7769775390625,105.25180053710938,4154.52001953125
2023-04-20,164.27017211914062,149.59776306152344,2007.5999755859375,104.42691040039062,279.4910888671875,104.4120864868164,4129.7900390625
2023-04-21,162.66348266601562,148.95481872558594,1979.5,104.54592895507812,279.149169921875,104.74617004394531,4133.52001953125
2023-04-24,162.9690704345703,151.03343200683594,1989.0999755859375,105.10134887695312,275.25146484375,106.72354125976562,4137.0400390625
2023-04-25,161.4313507080078,148.84033203125,1994.0,102.99872589111328,269.0483703613281,105.20664978027344,4071.6298828125
2023-04-26,161.42147827148438,146.18922424316406,1985.699951171875,102.85987091064453,288.5368957519531,104.24052429199219,4055.989990234375
2023-04-27,166.0050811767578,147.04354858398438,1989.9000244140625,106.70805358886719,297.778076171875,105.48656463623047,4135.35009765625
2023-04-28,167.2569122314453,148.4792022705078,1990.0999755859375,106.4601058959961,300.1517639160156,106.84994506835938,4169.47998046875
2023-05-01,167.16822814941406,147.2989959716797,1983.4000244140625,106.32125091552734,298.49114990234375,103.5362777709961,4167.8701171875
2023-05-02,166.13320922851562,140.9574737548828,2014.300048828125,104.45668029785156,298.3446044921875,99.40999603271484,4119.580078125
2023-05-03,165.0587615966797,138.13023376464844,2028.5999755859375,104.54592895507812,297.3580017089844,97.45069122314453,4090.75
2023-05-04,163.42247009277344,137.59295654296875,2048.0,103.83184051513672,298.3446044921875,95.74418640136719,4061.219970703125
2023-05-05,171.09140014648438,141.10720825195312,2017.4000244140625,104.70460510253906,303.46337890625,98.12786102294922,4136.25
2023-05-08,171.02239990234375,140.55235290527344,2026.300048828125,106.88658142089844,301.5096130371094,98.51609802246094,4138.1201171875
2023-05-09,169.3170623779297,140.14715576171875,2036.199951171875,106.47003173828125,299.8978576660156,98.54320526123047,4119.169921875
2023-05-10,171.0814971923828,138.35922241210938,2030.5,110.83395385742188,305.0849914550781,97.27912902832031,4137.64013671875
2023-05-11,171.268798828125,137.59295654296875,2014.699951171875,115.61444854736328,302.93585205078125,95.51847076416016,4130.6201171875
2023-05-12,170.3409423828125,137.94525146484375,2014.5,116.54674530029297,301.8222351074219,95.50943756103516,4124.080078125
2023-05-15,169.84742736816406,138.45611572265625,2018.0,115.55493927001953,302.3009033203125,95.69158172607422,4136.27978515625
2023-05-16,169.84742736816406,135.20608520507812,1988.4000244140625,118.53033447265625,304.5281677246094,93.36917877197266,4109.89990234375
2023-05-17,170.45941162109375,137.1437530517578,1980.699951171875,119.84944915771484,307.4064025878906,95.4638900756836,4158.77001953125
2023-05-18,172.78890991210938,136.97476196289062,1956.5,121.8231430053711,311.8315124511719,96.32908630371094,4198.0498046875
2023-05-19,172.89752197265625,138.05984497070312,1978.699951171875,121.75370788574219,311.6552734375,96.7753677368164,4191.97998046875
2023-05-22,171.94989013671875,135.57843017578125,1974.800048828125,124.02494049072266,314.4356384277344,95.60050964355469,4192.6298828125
2023-05-23,169.34400939941406,139.5006561279297,1972.4000244140625,121.55534362792969,308.6399230957031,96.90286254882812,4145.580078125
2023-05-24,169.62037658691406,139.8741912841797,1962.800048828125,119.90896606445312,307.25958251953125,97.98664093017578,4115.240234375
2023-05-25,170.75555419921875,137.46395874023438,1943.0999755859375,122.46781158447266,319.07611083984375,96.22891235351562,4151.27978515625
2023-05-26,173.16400146484375,137.0370330810547,1944.0999755859375,123.58854675292969,325.8998107910156,95.60050964355469,4205.4501953125
2023-05-30,175.0098419189453,136.18321228027344,1958.0,122.65625,324.2550354003906,94.75352478027344,4205.52001953125
2023-05-31,174.96047973632812,133.9597625732422,1963.9000244140625,121.8628158569336,321.4942932128906,93.0595474243164,4179.830078125
2023-06-01,177.7638397216797,135.32940673828125,1978.0,122.70582580566406,325.59625244140625,94.13421630859375,4221.02001953125
2023-06-02,178.6127166748047,138.97589111328125,1952.4000244140625,123.6480484008789,328.35699462890625,96.31999206542969,4282.3701171875
2023-06-05,177.26040649414062,138.3088836669922,1958.0,124.9770736694336,328.8857727050781,95.89193725585938,4273.7900390625
2023-06-06,176.89520263671875,138.55789184570312,1965.5,126.26641082763672,326.67315673828125,96.67517852783203,4283.85009765625
2023-06-07,175.5231475830078,142.15103149414062,1942.699951171875,121.49583435058594,316.58941650390625,98.84274291992188,4267.52001953125
2023-06-08,178.23760986328125,141.6262969970703,1963.5999755859375,121.1387939453125,318.4300537109375,98.53309631347656,4293.93017578125
2023-06-09,178.62257385253906,141.28831481933594,1962.199951171875,121.22805786132812,319.9278564453125,97.80450439453125,4298.85986328125
2023-06-12,181.41600036621094,139.92755126953125,1955.300048828125,122.6264877319336,324.8816223144531,96.92108154296875,4338.93017578125
2023-06-13,180.9422149658203,140.97703552246094,1944.5999755859375,122.81494140625,327.2703857421875,96.9393081665039,4369.009765625
2023-06-14,181.573974609375,139.714111328125,1955.300048828125,122.65625,330.2563781738281,95.77355194091797,4372.58984375
2023-06-15,183.60733032226562,140.77249145507812,1957.800048828125,124.06461334228516,340.79034423828125,96.43838500976562,4425.83984375
2023-06-16,182.53140258789062,139.8653106689453,1958.4000244140625,122.51738739013672,335.1415710449219,95.74622344970703,4409.58984375
2023-06-20,182.6202392578125,136.6812744140625,1935.5,122.0909194946289,330.9514465332031,93.55134582519531,4388.7099609375
2023-06-21,181.58384704589844,137.74856567382812,1933.300048828125,119.56182861328125,326.55572509765625,94.59868621826172,4365.68994140625
2023-06-22,184.58453369140625,135.75633239746094,1912.699951171875,122.1405029296875,332.5765380859375,94.07958221435547,4381.89013671875
2023-06-23,184.2686767578125,134.60899353027344,1919.0999755859375,121.33714294433594,327.98504638671875,93.2599105834961,4348.330078125
2023-06-26,182.8769073486328,136.97476196289062,1923.699951171875,117.36994171142578,321.6998596191406,94.98120880126953,4328.81982421875
2023-06-27,185.630859375,136.5478973388672,1914.0,117.36003112792969,327.5445861816406,95.21800994873047,4378.41015625
2023-06-28,186.8054962158203,137.78411865234375,1912.300048828125,119.1948471069336,328.7976379394531,95.99213409423828,4376.85986328125
2023-06-29,187.14111328125,138.95811462402344,1909.199951171875,118.12370300292969,328.014404296875,97.17608642578125,4396.43994140625
2023-06-30,191.4645233154297,139.9453582763672,1921.0999755859375,118.71878051757812,333.38909912109375,97.67699432373047,4450.3798828125
2023-07-03,189.97402954101562,139.82083129882812,1921.699951171875,118.91715240478516,330.8926696777344,97.8682632446289,4455.58984375
2023-07-05,188.85861206054688,139.02037048339844,1919.5999755859375,120.7519760131836,331.0493469238281,97.36734771728516,4446.81982421875
2023-07-06,189.3324432373047,135.96975708007812,1908.699951171875,119.12543487548828,334.10382080078125,93.73347473144531,4411.58984375
2023-07-07,188.21702575683594,137.16152954101562,1926.199951171875,118.50060272216797,330.1388854980469,93.95205688476562,4398.9501953125
2023-07-10,186.17373657226562,138.07763671875,1925.0,115.49542999267578,324.86199951171875,95.34548950195312,4409.52978515625
2023-07-11,185.65060424804688,140.63015747070312,1931.300048828125,116.17977905273438,325.4886474609375,96.5112533569336,4439.259765625
2023-07-12,187.3188018798828,141.98204040527344,1956.199951171875,117.95511627197266,330.1192932128906,96.9848403930664,4472.16015625
2023-07-13,188.07882690429688,140.08761596679688,1959.199951171875,123.51911926269531,335.464599609375,95.2088851928711,4510.0400390625
2023-07-14,188.22689819335938,136.5923309326172,1960.0999755859375,124.39190673828125,337.9904479980469,91.93021392822266,4505.419921875
2023-07-17,191.48426818847656,136.46786499023438,1952.4000244140625,123.62821197509766,338.4701843261719,92.3309326171875,4522.7900390625
2023-07-18,191.2276153564453,136.74356079101562,1977.199951171875,122.7455062866211,351.9411926269531,91.9120101928711,4554.97998046875
2023-07-19,192.5799102783203,137.5795440673828,1977.5,121.02967834472656,347.6238098144531,92.54953002929688,4565.72021484375
2023-07-20,190.63539123535156,139.10043334960938,1968.300048828125,118.22289276123047,339.5862121582031,94.17975616455078,4534.8701171875
2023-07-21,189.46072387695312,141.13714599609375,1964.300048828125,119.03617095947266,336.5513000488281,94.61690521240234,4536.33984375
2023-07-24,190.26028442382812,143.92092895507812,1960.300048828125,120.5337905883789,337.8631286621094,96.1014175415039,4554.64013671875
2023-07-25,191.1190643310547,144.57904052734375,1962.0999755859375,121.20822143554688,343.60992431640625,96.24713897705078,4567.4599609375
2023-07-26,191.98770141601562,143.49398803710938,1968.9000244140625,128.21034240722656,330.67724609375,95.70979309082031,4566.75
2023-07-27,190.7241973876953,141.9998016357422,1945.4000244140625,128.3392791748047,323.7753601074219,96.01033782958984,4537.41015625
2023-07-28,193.30050659179688,141.29721069335938,1960.4000244140625,131.4932098388672,331.2646789550781,94.8628158569336,4582.22998046875
2023-07-31,193.9124755859375,145.55740356445312,1970.5,131.63204956054688,328.8661804199219,97.66788482666016,4588.9599609375
2023-08-01,193.08334350585938,144.34780883789062,1940.699951171875,130.47166442871094,329.2773132324219,97.10323333740234,4576.72998046875
2023-08-02,190.09246826171875,142.06207275390625,1937.4000244140625,127.32763671875,320.62298583984375,95.89193725585938,4513.39013671875
2023-08-03,188.70069885253906,142.00872802734375,1932.0,127.39705657958984,319.800537109375,97.55860900878906,4501.89013671875
2023-08-04,179.63925170898438,141.6885223388672,1939.5999755859375,127.05984497070312,320.8970642089844,97.83182525634766,4478.02978515625
2023-08-07,176.53982543945312,142.20440673828125,1933.5,130.45181274414062,323.1781311035156,97.6314468383789,4518.43994140625
2023-08-08,177.47756958007812,141.9909210205078,1924.0999755859375,130.32290649414062,319.2033996582031,98.11416625976562,4499.3798828125
2023-08-09,175.88833618164062,142.1776885986328,1915.4000244140625,128.59716796875,315.463623046875,99.78080749511719,4467.7099609375
2023-08-10,175.67120361328125,143.04042053222656,1914.4000244140625,128.6269073486328,316.1489562988281,100.29083251953125,4468.830078125
2023-08-11,175.7305145263672,145.9931640625,1912.9000244140625,128.49795532226562,314.26922607421875,101.84818267822266,4464.0498046875
2023-08-14,177.38116455078125,145.88644409179688,1910.5999755859375,130.25347900390625,317.235595703125,101.93016052246094,4489.72021484375
2023-08-15,175.39442443847656,141.6262969970703,1902.5,128.7161865234375,315.1013488769531,99.31327819824219,4437.85986328125
2023-08-16,174.524658203125,141.08377075195312,1896.0999755859375,127.64501953125,314.3361511230469,97.64213562011719,4404.330078125
2023-08-17,171.9844207763672,143.4453125,1884.0999755859375,128.8550262451172,310.8828430175781,99.53364562988281,4370.35986328125
2023-08-18,172.46875,144.47793579101562,1886.0999755859375,126.41516876220703,310.4903259277344,101.03949737548828,4369.7099609375
2023-08-21,173.80308532714844,143.9930419921875,1893.300048828125,127.3177261352539,315.78814697265625,99.81827545166016,4399.77001953125
2023-08-22,175.17698669433594,142.8077850341797,1896.4000244140625,128.02191162109375,316.3571472167969,99.2581787109375,4387.5498046875
2023-08-23,179.02194213867188,142.99635314941406,1918.5,131.284912109375,320.8112487792969,98.38587951660156,4436.009765625
2023-08-24,174.33682250976562,141.820068359375,1918.199951171875,128.7161865234375,313.9143371582031,97.65132141113281,4376.31005859375
2023-08-25,176.54098510742188,142.87960815429688,1911.0999755859375,128.8153533935547,316.8673400878906,99.3958969116211,4405.7099609375
2023-08-28,178.1027069091797,143.85838317871094,1917.9000244140625,129.93606567382812,317.5736999511719,100.23148345947266,4433.31005859375
2023-08-29,181.98716735839844,143.63394165039062,1936.5,133.46690368652344,322.19451904296875,100.82830047607422,4497.6298828125
2023-08-30,185.47630310058594,143.83143615722656,1944.300048828125,134.76617431640625,322.56732177734375,101.81078338623047,4514.8701171875
2023-08-31,185.69374084472656,144.6575469970703,1938.199951171875,135.0537872314453,321.556884765625,102.0954360961914,4507.66015625
2023-09-01,187.2653350830078,147.53094482421875,1939.800048828125,134.54798889160156,322.4398193359375,104.23484802246094,4515.77001953125
2023-09-05,187.50254821777344,149.47048950195312,1926.199951171875,134.65704345703125,327.23724365234375,104.2440414428711,4496.830078125
2023-09-06,180.79119873046875,149.62315368652344,1918.0999755859375,133.35780334472656,326.5799560546875,105.1438980102539,4465.47998046875
2023-09-07,175.503173828125,149.63209533691406,1917.5,134.1512451171875,323.6661682128906,104.62967681884766,4451.14013671875
2023-09-08,176.11598205566406,150.14393615722656,1918.4000244140625,135.2620391845703,327.9436340332031,106.15391540527344,4457.490234375
2023-09-11,177.28231811523438,147.04605102539062,1923.300048828125,135.7976531982422,331.544189453125,104.82251739501953,4487.4599609375
2023-09-12,174.2577667236328,149.78477478027344,1911.300048828125,134.23057556152344,325.49090576171875,107.88014221191406,4461.89990234375
2023-09-13,172.19200134277344,149.23703002929688,1909.0999755859375,135.58934020996094,329.6997985839844,106.916015625,4467.43994140625
2023-09-14,173.70425415039062,150.161865234375,1910.0,136.96798706054688,332.289794921875,108.82588958740234,4505.10009765625
2023-09-15,172.9827117919922,149.5063934326172,1923.699951171875,136.27371215820312,323.9703063964844,107.15474700927734,4450.31982421875
2023-09-18,175.90841674804688,150.1529083251953,1931.5,137.07705688476562,322.83221435546875,108.01786804199219,4453.52978515625
2023-09-19,176.99566650390625,150.13494873046875,1932.0,136.90841674804688,322.42999267578125,107.73323822021484,4443.9501953125
2023-09-20,173.45713806152344,149.67701721191406,1945.5999755859375,132.6437225341797,314.69915771484375,106.8792953491211,4402.2001953125
2023-09-21,171.9152069091797,148.33009338378906,1919.199951171875,129.37075805664062,313.48260498046875,105.37344360351562,4330.0
2023-09-22,172.76522827148438,149.30885314941406,1925.4000244140625,129.18231201171875,311.01031494140625,105.5387191772461,4320.06005859375
2023-09-25,174.0403289794922,151.49085998535156,1916.5999755859375,130.0352783203125,311.5302734375,106.72319030761719,4337.43994140625
2023-09-26,169.968017578125,150.67373657226562,1900.4000244140625,127.5160903930664,306.2325134277344,106.88848114013672,4273.52978515625
2023-09-27,168.4557647705078,153.58302307128906,1871.5999755859375,129.4699249267578,306.8702087402344,110.36847686767578,4274.509765625
2023-09-28,168.71275329589844,153.178955078125,1860.4000244140625,131.22543334960938,307.7041015625,109.69818115234375,4299.7001953125
2023-09-29,169.2267303466797,151.41001892089844,1848.0999755859375,129.7873077392578,309.77423095703125,107.96278381347656,4288.0498046875
2023-10-02,171.7373046875,149.5423126220703,1830.0,133.07017517089844,315.70965576171875,106.17227172851562,4288.39013671875
2023-10-03,170.40293884277344,149.89248657226562,1824.5999755859375,131.34442138671875,307.4588317871094,106.35592651367188,4229.4501953125
2023-10-04,171.64834594726562,146.39950561523438,1818.5,134.13140869140625,312.92340087890625,102.38008117675781,4263.75
2023-10-05,172.88388061523438,147.1717529296875,1816.5999755859375,133.9628143310547,313.3158264160156,100.07538604736328,4258.18994140625
2023-10-06,175.43402099609375,145.6721954345703,1830.199951171875,136.4522247314453,321.0663146972656,98.40423583984375,4308.5
2023-10-09,176.91661071777344,149.70394897460938,1849.5,137.2853240966797,323.5779113769531,101.84751892089844,4335.66015625
2023-10-10,176.32354736328125,149.5423126220703,1861.0,136.9282989501953,322.1749572753906,101.41595458984375,4358.240234375
2023-10-11,177.7172088623047,144.6575469970703,1872.800048828125,139.3978729248047,326.128662109375,97.77986145019531,4376.9501953125
2023-10-12,178.61669921875,144.77427673339844,1869.300048828125,137.83084106445312,324.8924865722656,97.76148986816406,4349.60986328125
2023-10-13,176.77822875976562,147.31544494628906,1927.4000244140625,136.23402404785156,321.5274353027344,100.8833999633789,4327.77978515625
2023-10-16,176.64971923828125,148.5186767578125,1921.0999755859375,137.9597625732422,326.34454345703125,100.95686340332031,4373.6298828125
2023-10-17,175.09791564941406,150.48513793945312,1922.699951171875,138.57467651367188,325.77545166015625,102.27908325195312,4373.2001953125
2023-10-18,173.80308532714844,151.67941284179688,1955.300048828125,136.82911682128906,323.86236572265625,103.71147918701172,4314.60009765625
2023-10-19,173.42750549316406,151.84103393554688,1968.4000244140625,136.62083435058594,325.04949951171875,103.7757568359375,4278.0
2023-10-20,170.87738037109375,149.80270385742188,1982.5,134.4884490966797,320.4875183105469,101.99443817138672,4224.16015625
2023-10-23,170.9960174560547,144.2803955078125,1976.300048828125,135.38107299804688,323.0873718261719,100.49774932861328,4217.0400390625
2023-10-24,171.43087768554688,140.66171264648438,1975.0,137.67213439941406,324.2744445800781,99.52445983886719,4247.68017578125
2023-10-25,169.1179962158203,139.96133422851562,1984.0999755859375,124.5803451538086,334.2225646972656,99.70809173583984,4186.77001953125
2023-10-26,164.95675659179688,138.95565795898438,1987.199951171875,121.27763366699219,321.6844177246094,98.79906463623047,4137.22998046875
2023-10-27,166.27137756347656,129.61712646484375,1988.5999755859375,121.16853332519531,323.56805419921875,96.91675567626953,4117.3701171875
2023-10-30,168.31736755371094,131.1795196533203,1996.199951171875,123.43976593017578,330.9261169433594,97.21974182128906,4166.81982421875
2023-10-31,168.7918243408203,130.85623168945312,1985.199951171875,123.06288146972656,331.71099853515625,97.19220733642578,4193.7998046875
2023-11-01,171.9547576904297,129.2848663330078,1978.800048828125,125.41345977783203,339.52032470703125,96.99938201904297,4237.85986328125
2023-11-02,175.5130615234375,133.57701110839844,1985.5999755859375,126.44493865966797,341.72772216796875,100.18556213378906,4317.77978515625
2023-11-03,174.60369873046875,132.5443878173828,1991.5,128.04173278808594,346.1229248046875,98.96434783935547,4358.33984375
2023-11-06,177.15379333496094,131.9966583251953,1981.5999755859375,129.18231201171875,349.7823791503906,97.21057891845703,4365.97998046875
2023-11-07,179.71383666992188,129.6709747314453,1966.800048828125,129.89642333984375,353.7066345214844,95.68634796142578,4378.3798828125
2023-11-08,180.7714385986328,127.86614227294922,1951.5,130.75927734375,356.3261413574219,94.51104736328125,4382.77978515625
2023-11-09,180.2969970703125,127.45308685302734,1964.199951171875,129.17239379882812,353.8636474609375,94.53858184814453,4347.35009765625
2023-11-10,184.48348999023438,128.35997009277344,1932.5999755859375,131.5031280517578,362.6736755371094,95.26397705078125,4415.240234375
2023-11-13,182.8999481201172,129.30284118652344,1945.5,131.00721740722656,359.7402648925781,96.26480865478516,4411.5498046875
2023-11-14,185.51280212402344,130.2456817626953,1961.800048828125,132.52467346191406,363.2622985839844,96.63545989990234,4495.7001953125
2023-11-15,186.0769500732422,130.70361328125,1960.0999755859375,133.51646423339844,363.4097900390625,96.05170440673828,4502.8798828125
2023-11-16,187.75946044921875,128.63485717773438,1983.9000244140625,135.8075408935547,369.7996826171875,94.93978118896484,4508.240234375
2023-11-17,187.73968505859375,131.07562255859375,1981.5999755859375,134.2008514404297,363.58673095703125,97.25628662109375,4514.02001953125
2023-11-20,189.48158264160156,131.00303649902344,1977.699951171875,135.1331329345703,371.0482177734375,96.83004760742188,4547.3798828125
2023-11-21,188.6798858642578,130.69451904296875,1999.300048828125,135.84722900390625,366.7522277832031,96.79298400878906,4538.18994140625
2023-11-22,189.34300231933594,130.95767211914062,1991.4000244140625,137.3547821044922,371.4512939453125,96.3759994506836,4556.6201171875
2023-11-24,188.0167694091797,131.47483825683594,2002.199951171875,135.56951904296875,371.038330078125,96.89491271972656,4559.33984375
2023-11-27,187.838623046875,130.98486328125,2011.800048828125,135.2918243408203,372.1983337402344,96.3296890258789,4550.43017578125
2023-11-28,188.44235229492188,132.02833557128906,2039.699951171875,136.07533264160156,376.2191162109375,96.27408599853516,4554.89013671875
2023-11-29,187.42295837402344,130.57659912109375,2047.0999755859375,133.88345336914062,372.4343566894531,94.82858276367188,4550.580078125
2023-11-30,187.9969940185547,130.2952880859375,2038.0999755859375,131.443603515625,372.4932861328125,95.19923400878906,4567.7998046875
2023-12-01,189.2737274169922,131.39317321777344,2071.0,130.77911376953125,368.1678466796875,95.43087005615234,4594.6298828125
2023-12-04,187.48233032226562,131.4476318359375,2024.0999755859375,128.21034240722656,362.8887939453125,94.9119873046875,4569.77978515625
2023-12-05,191.43130493164062,129.6238555908203,2018.5,129.916259765625,366.2115173339844,93.06806182861328,4567.18017578125
2023-12-06,190.34262084960938,129.32444763183594,2030.5,128.95419311523438,362.55450439453125,91.83565521240234,4549.33984375
2023-12-07,192.2725830078125,129.22462463378906,2029.9000244140625,135.8075408935547,364.6680908203125,91.19630432128906,4585.58984375
2023-12-08,193.69775390625,130.93951416015625,1998.300048828125,133.88345336914062,367.8925476074219,92.24337005615234,4604.3701171875
2023-12-11,191.1938018798828,130.97579956054688,1978.0,132.19737243652344,365.01214599609375,92.30823516845703,4622.43994140625
2023-12-12,192.7080535888672,129.29721069335938,1977.800048828125,131.43370056152344,368.03997802734375,90.85345458984375,4643.7001953125
2023-12-13,195.92466735839844,131.2117156982422,1982.300048828125,131.4832763671875,368.0301818847656,91.65960693359375,4707.08984375
2023-12-14,196.07310485839844,136.03880310058594,2030.199951171875,130.85845947265625,359.7331237792969,94.1243667602539,4719.5498046875
2023-12-15,195.53866577148438,135.5125732421875,2021.0999755859375,131.5130615234375,364.45184326171875,93.49427032470703,4719.18994140625
2023-12-18,193.8759307861328,135.81198120117188,2026.300048828125,134.6868133544922,366.3392639160156,94.18923950195312,4740.56005859375
2023-12-19,194.9151153564453,137.5904083251953,2038.4000244140625,135.5298614501953,366.9389953613281,95.43087005615234,4768.3701171875
2023-12-20,192.82684326171875,136.3291778564453,2034.5,137.2060089111328,364.34368896484375,93.83712768554688,4698.35009765625
2023-12-21,192.67835998535156,136.74655151367188,2039.0999755859375,139.26895141601562,367.2142639160156,94.26335906982422,4746.75
2023-12-22,191.60948181152344,137.0550537109375,2057.10009765625,140.33018493652344,368.23663330078125,94.4301528930664,4754.6298828125
2023-12-26,191.06512451171875,138.2890625,2058.199951171875,140.3599395751953,368.3152770996094,94.64327239990234,4774.75
2023-12-27,191.16409301757812,137.83538818359375,2081.89990234375,139.21934509277344,367.7352600097656,94.19850158691406,4781.580078125
2023-12-28,191.5896759033203,135.89364624023438,2073.89990234375,139.0804901123047,368.9247131347656,92.83638763427734,4783.35009765625
2023-12-29,190.55047607421875,135.3401641845703,2062.39990234375,138.54493713378906,369.67193603515625,92.64179992675781,4769.830078125
2024-01-02,183.7313232421875,135.63050842285156,2064.39990234375,137.03738403320312,364.5894470214844,94.84711456298828,4742.830078125
2024-01-03,182.3555908203125,138.21644592285156,2034.199951171875,137.78125,364.32403564453125,95.64398956298828,4704.81005859375
2024-01-04,180.03964233398438,136.701171875,2042.300048828125,135.27198791503906,361.7091064453125,94.81006622314453,4688.68017578125
2024-01-05,179.31715393066406,136.4652862548828,2042.4000244140625,134.61737060546875,361.52227783203125,95.09730529785156,4697.240234375
2024-01-08,183.65216064453125,135.64866638183594,2026.5999755859375,137.701904296875,368.3447570800781,93.51280975341797,4763.5400390625
2024-01-09,183.2364501953125,132.20074462890625,2026.4000244140625,139.79458618164062,369.4261474609375,92.35455322265625,4756.5
2024-01-10,184.275634765625,131.11192321777344,2021.699951171875,141.1136932373047,376.28790283203125,91.44649505615234,4783.4501953125
2024-01-11,183.68182373046875,131.81964111328125,2014.300048828125,140.9153289794922,378.1164245605469,91.42794036865234,4780.240234375
2024-01-12,184.00843811035156,133.62527465820312,2046.699951171875,141.4806671142578,381.89141845703125,92.61400604248047,4783.830078125
2024-01-16,181.7419891357422,130.37696838378906,2026.0,141.3219757080078,383.66094970703125,90.51988983154297,4765.97998046875
2024-01-17,180.80174255371094,129.85977172851562,2002.5999755859375,140.31033325195312,382.87451171875,89.86198425292969,4739.2099609375
2024-01-18,186.6905517578125,128.6802215576172,2018.5999755859375,142.30386352539062,387.199951171875,89.69519805908203,4780.93994140625
2024-01-19,189.59042358398438,129.06129455566406,2026.5,145.18008422851562,391.91864013671875,89.83419799804688,4839.81005859375
2024-01-22,191.89646911621094,129.28814697265625,2019.800048828125,144.79327392578125,389.7952575683594,89.71372985839844,4850.43017578125
2024-01-23,193.17320251464844,128.92520141601562,2023.699951171875,145.83468627929688,392.144775390625,90.72374725341797,4864.60009765625
2024-01-24,192.50021362304688,131.4929962158203,2013.9000244140625,147.48104858398438,395.7427673339844,92.2896957397461,4868.5498046875
2024-01-25,192.17359924316406,134.80482482910156,2016.9000244140625,150.6250762939453,398.013671875,94.63399505615234,4894.16015625
2024-01-26,190.4415740966797,135.32200622558594,2016.800048828125,150.94247436523438,397.0895690917969,95.44014739990234,4890.97021484375
2024-01-29,189.75869750976562,135.26756286621094,2025.199951171875,152.25161743164062,402.7815856933594,95.56061553955078,4927.93017578125
2024-01-30,186.1066131591797,136.21121215820312,2031.5,150.2184295654297,401.6706848144531,97.15436553955078,4924.97021484375
2024-01-31,182.50404357910156,133.7704315185547,2048.39990234375,138.9515838623047,390.84710693359375,95.26408386230469,4845.64990234375
2024-02-01,184.93875122070312,134.18783569335938,2053.0,140.0028839111328,396.9421081542969,94.87490844726562,4906.18994140625
2024-02-02,183.93914794921875,138.13479614257812,2036.0999755859375,141.21286010742188,404.25616455078125,94.48574829101562,4958.60986328125
2024-02-05,185.75030517578125,138.21644592285156,2025.699951171875,142.50221252441406,398.78045654296875,94.0965805053711,4942.81005859375
2024-02-06,187.35365295410156,138.234619140625,2034.5,142.9187774658203,398.62322998046875,94.74519348144531,4954.22998046875
2024-02-07,187.46253967285156,138.0349884033203,2035.199951171875,144.34698486328125,407.0382080078125,94.7173843383789,4995.06005859375
2024-02-08,186.38377380371094,139.7861785888672,2032.199951171875,144.7139434814453,407.0971374511719,96.33895874023438,4997.91015625
2024-02-09,187.14683532714844,137.04595947265625,2023.300048828125,147.77862548828125,413.4281311035156,94.30042266845703,5026.60986328125
2024-02-12,185.462158203125,137.98960876464844,2018.199951171875,146.32066345214844,408.22772216796875,95.59766387939453,5021.83984375
2024-02-13,183.37115478515625,136.64674377441406,1992.9000244140625,143.9502716064453,399.4390869140625,94.77467346191406,4953.169921875
2024-02-14,182.48919677734375,137.01873779296875,1990.300048828125,144.74368286132812,403.29986572265625,94.30706787109375,5000.6201171875
2024-02-15,182.20181274414062,141.67840576171875,2002.0999755859375,141.5996856689453,400.4141540527344,97.00984954833984,5029.72998046875
2024-02-16,180.66580200195312,141.83432006835938,2011.5,139.3681182861328,397.9519348144531,97.00984954833984,5005.56982421875
2024-02-20,179.92254638671875,141.2564697265625,2027.5,139.96319580078125,396.7011413574219,96.09332275390625,4975.509765625
2024-02-21,180.67572021484375,142.57730102539062,2022.300048828125,141.38150024414062,396.10040283203125,98.05728149414062,4981.7998046875
2024-02-22,182.7071990966797,142.56809997558594,2019.699951171875,142.90884399414062,405.4272155761719,97.9731216430664,5087.02978515625
2024-02-23,180.87391662597656,141.86183166503906,2038.5999755859375,142.7799530029297,404.13702392578125,97.11270904541016,5088.7998046875
2024-02-26,179.52615356445312,141.66920471191406,2028.5,136.4423065185547,401.3793640136719,97.49615478515625,5069.52978515625
2024-02-27,180.98291015625,139.5687255859375,2034.0,137.7415771484375,401.3202819824219,97.29039764404297,5078.18017578125
2024-02-28,179.7838134765625,139.7338104248047,2033.0,135.2620391845703,401.5566101074219,97.5616226196289,5069.759765625
2024-02-29,179.11984252929688,139.4311065673828,2045.699951171875,137.3250274658203,407.3871765136719,97.7486572265625,5096.27001953125
2024-03-01,178.03968811035156,140.1649169921875,2086.89990234375,136.01583862304688,409.21905517578125,98.98313903808594,5137.080078125
2024-03-04,173.52081298828125,136.5601348876953,2117.699951171875,132.2569122314453,408.6477966308594,97.59903717041016,5130.9501953125
2024-03-05,168.58570861816406,137.21136474609375,2133.5,131.58245849609375,396.563232421875,98.79609680175781,5078.64990234375
2024-03-06,167.59475708007812,136.0556640625,2150.300048828125,130.32290649414062,396.0117492675781,99.85289001464844,5104.759765625
2024-03-07,167.47581481933594,137.00958251953125,2158.0,133.27842712402344,402.9552001953125,100.41403198242188,5157.35986328125
2024-03-08,169.19021606445312,137.4773712158203,2178.60009765625,134.30001831054688,400.07928466796875,101.35857391357422,5123.68994140625
2024-03-11,171.19200134277344,139.42193603515625,2182.5,136.54147338867188,398.4049377441406,101.9571304321289,5117.93994140625
2024-03-12,171.66766357421875,139.321044921875,2160.39990234375,137.3646697998047,409.0023498535156,101.30248260498047,5175.27001953125
2024-03-13,169.5866241455078,141.1555633544922,2175.39990234375,138.64410400390625,408.8250732421875,102.43409729003906,5165.31005859375
2024-03-14,171.43975830078125,142.81576538085938,2163.0,141.92698669433594,418.7921142578125,104.24840545654297,5150.47998046875
2024-03-15,171.0631561279297,142.6781768798828,2157.300048828125,140.022705078125,410.1251525878906,104.06135559082031,5117.08984375
2024-03-18,172.15325927734375,142.54977416992188,2160.699951171875,146.4694061279297,411.01153564453125,105.0246353149414,5149.419921875
2024-03-19,174.4919891357422,143.65963745117188,2156.300048828125,145.8247528076172,415.0396423339844,105.76345825195312,5178.509765625
2024-03-20,177.05862426757812,141.76095581054688,2157.89990234375,147.52073669433594,418.80194091796875,105.66993713378906,5224.6201171875
2024-03-21,169.824462890625,142.0452880859375,2182.39990234375,146.39007568359375,422.87933349609375,106.13753509521484,5241.52978515625
2024-03-22,170.7262420654297,141.86183166503906,2158.10009765625,149.5341339111328,422.2588806152344,106.13753509521484,5234.18017578125
2024-03-25,169.30914306640625,143.52207946777344,2174.800048828125,148.83984375,416.4677734375,107.2223892211914,5218.18994140625
2024-03-26,168.179443359375,142.4213409423828,2175.60009765625,149.43492126464844,415.27606201171875,106.41809844970703,5203.580078125
2024-03-27,171.7469482421875,143.4119873046875,2190.60009765625,149.63327026367188,415.0593566894531,107.52166748046875,5248.490234375
2024-03-28,169.93345642089844,144.6869659423828,2217.39990234375,149.69277954101562,414.3601379394531,108.70936584472656,5254.35009765625
2024-04-01,168.49652099609375,145.91607666015625,2236.5,154.21543884277344,418.1519470214844,109.4107894897461,5243.77001953125
2024-04-02,167.3172607421875,146.5581512451172,2261.0,153.2930450439453,415.0692443847656,111.55242919921875,5205.81005859375
2024-04-03,168.11996459960938,147.1635284423828,2294.39990234375,153.6500701904297,414.09417724609375,111.57115173339844,5211.490234375
2024-04-04,167.29747009277344,147.39283752441406,2288.800048828125,149.2960968017578,411.56304931640625,111.96393585205078,5147.2099609375
2024-04-05,168.0506134033203,148.22756958007812,2325.699951171875,151.2499237060547,419.0875244140625,113.50704956054688,5204.33984375
2024-04-08,166.93080139160156,147.9248504638672,2331.699951171875,153.58065795898438,418.171630859375,112.74015808105469,5202.39013671875
2024-04-09,168.13978576660156,148.59445190429688,2343.5,155.31631469726562,419.83599853515625,113.329345703125,5209.91015625
2024-04-10,166.26681518554688,149.20901489257812,2329.60009765625,154.86009216308594,416.86175537109375,114.28326416015625,5160.64013671875
2024-04-11,173.46133422851562,148.4935760498047,2354.800048828125,158.103271484375,421.4610595703125,113.89982604980469,5199.06005859375
2024-04-12,174.95774841308594,145.80601501464844,2356.199951171875,156.43707275390625,415.52227783203125,112.57181549072266,5123.41015625
2024-04-15,171.13253784179688,144.5493927001953,2365.800048828125,153.590576171875,407.3871765136719,111.92652130126953,5061.81982421875
2024-04-16,167.85240173339844,143.3477783203125,2390.800048828125,153.13433837890625,408.3129577636719,111.00065612792969,5051.41015625
2024-04-17,166.4848175048828,143.4578399658203,2371.699951171875,154.19557189941406,405.61431884765625,110.94454193115234,5022.2099609375
2024-04-18,165.53347778320312,144.53103637695312,2382.300048828125,154.73114013671875,398.1587829589844,110.84166717529297,5011.1201171875
2024-04-19,163.5118865966797,146.75994873046875,2398.39990234375,152.82687377929688,393.086669921875,112.11355590820312,4967.22998046875
2024-04-22,164.3443145751953,148.52105712890625,2332.199951171875,154.9989471435547,394.8988342285156,112.74950408935547,5010.60009765625
2024-04-23,165.394775390625,149.3740997314453,2327.699951171875,156.96270751953125,401.408935546875,113.1890640258789,5070.5498046875
2024-04-24,167.49563598632812,150.03453063964844,2324.5,157.82557678222656,402.8763732910156,113.20777130126953,5071.6298828125
2024-04-25,168.35780334472656,151.60302734375,2329.800048828125,154.72125244140625,393.0078430175781,113.46961975097656,5048.419921875
2024-04-26,167.7731170654297,152.16253662109375,2334.800048828125,170.5404815673828,400.1777648925781,110.31794738769531,5099.9599609375
2024-04-29,171.93524169921875,152.56613159179688,2345.39990234375,164.78802490234375,396.1692810058594,111.88910675048828,5116.169921875
2024-04-30,168.79383850097656,147.9248504638672,2291.39990234375,161.44564819335938,383.444580078125,110.60787200927734,5035.68994140625
2024-05-01,167.7731170654297,146.42056274414062,2299.89990234375,162.5167694091797,388.9698486328125,108.51297760009766,5018.39013671875
2024-05-02,171.46946716308594,147.42953491210938,2299.199951171875,165.25418090820312,391.82598876953125,108.70936584472656,5064.2001953125
2024-05-03,181.7261505126953,146.9892578125,2299.0,165.86907958984375,400.51263427734375,108.48492431640625,5127.7900390625
2024-05-06,180.0712127685547,148.86961364746094,2321.60009765625,166.72206115722656,407.2886962890625,109.18633270263672,5180.740234375
2024-05-07,180.75497436523438,149.20901489257812,2315.199951171875,169.84620666503906,403.1521301269531,108.64391326904297,5187.7001953125
2024-05-08,181.0919189453125,149.08975219726562,2313.60009765625,167.99154663085938,404.3340148925781,108.62521362304688,5187.669921875
2024-05-09,182.90541076660156,151.75897216796875,2332.10009765625,168.56680297851562,406.08709716796875,110.76687622070312,5214.080078125
2024-05-10,181.64515686035156,152.09832763671875,2367.300048828125,167.2675323486328,408.4704895019531,110.31794738769531,5222.68017578125
2024-05-13,184.850341796875,150.9150848388672,2336.10009765625,167.75350952148438,407.4659423828125,110.27118682861328,5221.419921875
2024-05-14,185.99151611328125,150.07122802734375,2353.39990234375,168.9436798095703,410.2629699707031,110.94058990478516,5246.68017578125
2024-05-15,188.2639617919922,149.55755615234375,2388.699951171875,171.09588623046875,417.4360046386719,111.79853820800781,5308.14990234375
2024-05-16,188.383056640625,149.25181579589844,2380.0,172.75218200683594,415.3738708496094,111.129150390625,5297.10009765625
2024-05-17,188.4127960205078,150.71571350097656,2412.199951171875,174.61680603027344,414.60430908203125,112.79792022705078,5303.27001953125
2024-05-20,189.57382202148438,149.29815673828125,2433.89990234375,175.4697265625,419.6658630371094,111.88340759277344,5308.1298828125
2024-05-21,190.873779296875,148.214111328125,2421.699951171875,176.39215087890625,423.3165283203125,111.11029052734375,5321.41015625
2024-05-22,189.4348907470703,145.99049377441406,2389.199951171875,174.93417358398438,424.7767639160156,108.87583923339844,5307.009765625
2024-05-23,185.44578552246094,145.4067840576172,2335.0,172.1273651123047,421.3037109375,107.01850128173828,5267.83984375
2024-05-24,188.52197265625,146.15725708007812,2332.5,173.55557250976562,424.42156982421875,106.93363952636719,5304.72021484375
2024-05-28,188.53192138671875,147.35244750976562,2355.199951171875,174.95399475097656,424.5794372558594,108.29129028320312,5306.0400390625
2024-05-29,188.82957458496094,145.36972045898438,2340.300048828125,174.45811462402344,423.44476318359375,107.13162231445312,5266.9501953125
2024-05-30,189.82191467285156,146.62979125976562,2342.89990234375,170.69918823242188,409.13824462890625,107.47103881835938,5235.47998046875
2024-05-31,190.77455139160156,150.3728790283203,2322.89990234375,171.0859832763672,409.5920715332031,110.55403137207031,5277.509765625
2024-06-03,192.5408935546875,145.88856506347656,2346.60009765625,171.75047302246094,408.0035095214844,107.90472412109375,5283.39990234375
2024-06-04,192.8584442138672,144.6563262939453,2325.5,172.36541748046875,410.5195007324219,106.22653198242188,5291.33984375
2024-06-05,194.3667755126953,143.59080505371094,2354.10009765625,173.97213745117188,418.3536682128906,106.65079498291016,5354.02978515625
2024-06-06,192.98741149902344,144.4710235595703,2370.300048828125,175.28131103515625,418.8567810058594,107.45219421386719,5352.9599609375
2024-06-07,195.3789520263672,144.6099853515625,2305.199951171875,173.02992248535156,418.19573974609375,106.30195617675781,5346.990234375
2024-06-10,191.6378631591797,145.2214813232422,2307.699951171875,173.7746124267578,422.1620788574219,106.61309051513672,5360.7900390625
2024-06-11,205.56019592285156,144.9898681640625,2307.5,175.3732452392578,426.9079895019531,105.75511932373047,5375.31982421875
2024-06-12,211.4347686767578,142.8866729736328,2336.0,176.53497314453125,435.17620849609375,104.58604431152344,5421.02978515625
2024-06-13,212.59579467773438,141.60809326171875,2300.199951171875,173.92356872558594,435.6892395019531,103.74694061279297,5433.740234375
2024-06-14,210.8592071533203,141.35792541503906,2331.39990234375,175.54205322265625,436.666015625,102.87012481689453,5431.60009765625
2024-06-17,215.00714111328125,141.93238830566406,2312.39990234375,175.9888916015625,442.38861083984375,102.16300964355469,5473.22998046875
2024-06-18,212.6453857421875,142.0620880126953,2330.39990234375,173.85403442382812,440.3857421875,103.12467956542969,5487.02978515625
2024-06-20,208.07077026367188,145.1288299560547,2353.800048828125,175.05552673339844,439.7542419433594,105.34971618652344,5473.169921875
2024-06-21,205.89759826660156,143.86875915527344,2316.39990234375,178.3620147705078,443.7798767089844,104.42576599121094,5464.6201171875
2024-06-24,206.54258728027344,147.6026153564453,2330.0,177.95489501953125,441.697998046875,107.5276107788086,5447.8701171875
2024-06-25,207.46546936035156,146.81509399414062,2316.60009765625,182.73092651367188,444.9342041015625,107.82930755615234,5469.2998046875
2024-06-26,211.61337280273438,144.48953247070312,2299.199951171875,182.58200073242188,446.1280822753906,107.86701965332031,5477.89990234375
2024-06-27,212.45687866210938,144.8323516845703,2324.5,184.10118103027344,446.8088684082031,108.32899475097656,5482.8701171875
2024-06-28,209.00357055664062,144.9249725341797,2327.699951171875,180.86419677734375,440.98760986328125,108.53642272949219,5460.47998046875
2024-07-01,215.08651733398438,145.0176544189453,2327.60009765625,181.6982879638672,450.6371154785156,108.38556671142578,5475.08984375
2024-07-02,218.5795135498047,145.2307586669922,2323.0,183.9324188232422,453.1531066894531,107.65017700195312,5509.009765625
2024-07-03,219.8496856689453,145.19371032714844,2359.800048828125,184.50831604003906,454.6231994628906,108.19701385498047,5537.02001953125
2024-07-05,224.60292053222656,142.97007751464844,2388.5,189.25457763671875,461.3226013183594,106.8864974975586,5567.18994140625
2024-07-08,226.07156372070312,142.9886016845703,2355.199951171875,187.69564819335938,460.02020263671875,105.76454162597656,5572.85009765625
2024-07-09,226.92494201660156,141.73782348632812,2360.10009765625,187.64599609375,453.40960693359375,104.59546661376953,5576.97998046875
2024-07-10,231.1919403076172,143.7298126220703,2372.199951171875,189.8304443359375,460.0301208496094,105.51941680908203,5633.91015625
2024-07-11,225.823486328125,143.85023498535156,2415.0,184.26010131835938,448.63421630859375,106.77336120605469,5584.5400390625
2024-07-12,228.7706756591797,144.15597534179688,2414.0,183.76361083984375,447.49957275390625,106.7922134399414,5615.35009765625
2024-07-15,232.60104370117188,146.4259490966797,2422.89990234375,185.2133026123047,447.9040832519531,108.62127685546875,5631.22021484375
2024-07-16,233.01783752441406,146.17579650878906,2462.39990234375,182.62171936035156,443.5233154296875,109.40380859375,5667.2001953125
2024-07-17,227.12344360351562,149.3815155029297,2454.800048828125,179.74220275878906,437.60333251953125,110.91229248046875,5588.27001953125
2024-07-18,222.45948791503906,150.06715393066406,2451.800048828125,176.4357147216797,434.4953918457031,112.00596618652344,5544.58984375
2024-07-19,222.58851623535156,147.45437622070312,2395.5,176.40589904785156,431.2788391113281,109.43209075927734,5505.0
2024-07-22,222.24119567871094,145.453125,2392.0,180.38760375976562,437.03106689453125,108.6778335571289,5564.41015625
2024-07-23,223.2831268310547,142.76622009277344,2404.60009765625,180.50674438476562,438.9156188964844,106.9242172241211,5555.740234375
2024-07-24,216.86279296875,143.67420959472656,2413.300048828125,171.41139221191406,423.17840576171875,108.43270111083984,5427.1298828125
2024-07-25,215.82083129882812,145.9626922607422,2351.89990234375,166.09918212890625,412.81842041015625,110.71430206298828,5399.22021484375
2024-07-26,216.2872314453125,146.24066162109375,2380.0,165.82113647460938,419.5967712402344,110.62004089355469,5459.10009765625
2024-07-29,216.56509399414062,145.09178161621094,2377.300048828125,168.3332977294922,421.0373229980469,109.46037292480469,5463.5400390625
2024-07-30,217.1207733154297,147.843505859375,2405.0,169.08792114257812,417.2781677246094,111.4119873046875,5436.43994140625
2024-07-31,220.37559509277344,148.67738342285156,2426.5,170.32911682128906,412.7691345214844,111.80796813964844,5522.2998046875
2024-08-01,216.68417358398438,141.40426635742188,2435.0,169.55459594726562,411.545654296875,110.26175689697266,5446.68017578125
2024-08-02,218.1726531982422,137.6333465576172,2425.699951171875,165.4835662841797,403.0406494140625,110.19576263427734,5346.56005859375
2024-08-05,207.66392517089844,134.02923583984375,2401.699951171875,158.12586975097656,389.87860107421875,108.20642852783203,5186.330078125
2024-08-06,205.63958740234375,132.70431518554688,2389.10009765625,157.17263793945312,394.2790832519531,107.63133239746094,5240.02978515625
2024-08-07,208.20970153808594,131.944580078125,2390.5,157.81805419921875,393.1148376464844,109.06438446044922,5199.5
2024-08-08,211.6728973388672,133.87173461914062,2422.199951171875,160.88623046875,397.31805419921875,111.14800262451172,5319.31005859375
2024-08-09,214.5804443359375,134.33497619628906,2432.10009765625,162.51466369628906,400.6036376953125,112.0531005859375,5344.16015625
2024-08-12,216.11038208007812,134.36276245117188,2462.39990234375,161.14439392089844,401.383056640625,112.19452667236328,5344.39013671875
2024-08-13,219.82598876953125,133.5566864013672,2466.699951171875,163.00119018554688,408.48699951171875,111.11972045898438,5434.43017578125
2024-08-14,220.27304077148438,134.03848266601562,2439.39990234375,159.2379608154297,411.2989807128906,112.14738464355469,5455.2099609375
2024-08-15,223.2534637451172,136.011962890625,2453.10009765625,160.16139221191406,416.1621398925781,112.84117889404297,5543.22021484375
2024-08-16,224.57479858398438,136.4474334716797,2498.60009765625,161.8096923828125,413.6317138671875,112.30895233154297,5554.25
2024-08-19,224.41583251953125,137.56231689453125,2501.800048828125,165.49349975585938,416.65631103515625,112.65109252929688,5608.25
2024-08-20,225.03179931640625,135.55738830566406,2511.300048828125,165.9998779296875,419.8885192871094,108.89700317382812,5597.1201171875
2024-08-21,224.92250061035156,136.14761352539062,2508.39990234375,164.6792755126953,419.23614501953125,108.20320892333984,5620.85009765625
2024-08-22,223.06471252441406,136.53172302246094,2478.89990234375,162.64373779296875,410.74542236328125,109.0395736694336,5570.64013671875
2024-08-23,225.35963439941406,138.30242919921875,2508.39990234375,164.45089721679688,411.97113037109375,110.55070495605469,5634.60986328125
2024-08-26,225.69741821289062,139.1268768310547,2517.699951171875,164.98707580566406,408.7092590332031,112.91720581054688,5616.83984375
2024-08-27,226.54188537597656,137.67471313476562,2516.0,163.51751708984375,409.05523681640625,111.84325408935547,5625.7998046875
2024-08-28,225.01193237304688,136.78469848632812,2501.0,161.70046997070312,405.85272216796875,110.74078369140625,5592.18017578125
2024-08-29,228.29039001464844,138.1150665283203,2525.699951171875,160.63800048828125,408.34356689453125,112.27092742919922,5591.9599609375
2024-08-30,227.5055389404297,138.61163330078125,2493.800048828125,162.22671508789062,412.31707763671875,112.09036254882812,5648.39990234375
2024-09-03,221.31619262695312,135.52926635742188,2489.89990234375,156.24920654296875,404.70611572265625,109.74287414550781,5528.93017578125
2024-09-04,219.40872192382812,133.10276794433594,2493.39990234375,155.34559631347656,404.17230224609375,108.40280151367188,5520.06982421875
2024-09-05,220.92872619628906,132.03469848632812,2511.39990234375,156.13006591796875,403.6682434082031,107.55695343017578,5503.41015625
2024-09-06,219.37892150878906,129.81430053710938,2493.5,149.85467529296875,397.0555725097656,107.05323028564453,5408.419921875
2024-09-09,219.46832275390625,131.4444580078125,2501.800048828125,147.85621643066406,401.0291442871094,109.30567932128906,5471.0498046875
2024-09-10,218.67356872558594,129.505126953125,2512.300048828125,147.8064727783203,409.4111022949219,105.3235092163086,5495.52001953125
2024-09-11,221.20692443847656,129.17723083496094,2512.10009765625,150.29212951660156,418.1488952636719,104.2780532836914,5554.1298828125
2024-09-12,221.31619262695312,130.42327880859375,2551.199951171875,153.80186462402344,422.0630798339844,105.71316528320312,5595.759765625
2024-09-13,221.0479736328125,131.7349090576172,2581.300048828125,156.5559539794922,425.6116027832031,105.63713836669922,5626.02001953125
2024-09-16,214.90829467773438,133.12147521972656,2580.39990234375,157.15252685546875,426.3529052734375,107.1197509765625,5633.08984375
2024-09-17,215.37521362304688,134.35816955566406,2564.300048828125,158.40530395507812,430.11883544921875,108.516845703125,5634.580078125
2024-09-18,219.24977111816406,134.87347412109375,2570.699951171875,158.89247131347656,425.8290100097656,108.89700317382812,5618.259765625
2024-09-19,227.37637329101562,135.8384552001953,2588.0,161.2091064453125,433.617919921875,110.24657440185547,5713.64013671875
2024-09-20,226.7107391357422,136.48489379882812,2619.89990234375,162.65077209472656,430.2374572753906,109.55277252197266,5702.5498046875
2024-09-23,224.99205017089844,138.2274932861328,2626.5,160.9207763671875,428.4978332519531,111.53913116455078,5718.56982421875
2024-09-24,225.8861541748047,138.14315795898438,2651.199951171875,161.35821533203125,424.2080078125,111.2445068359375,5732.93017578125
2024-09-25,224.8927001953125,134.88282775878906,2659.199951171875,160.5628204345703,427.1139831542969,109.07759094238281,5722.259765625
2024-09-26,226.03521728515625,133.02780151367188,2669.89990234375,161.7957000732422,426.3232421875,107.20529174804688,5745.3701171875
2024-09-27,226.3034210205078,136.306884765625,2644.300048828125,163.0087127685547,423.0713195800781,110.07551574707031,5738.169921875
2024-09-30,231.47943115234375,137.9745330810547,2636.10009765625,164.89781188964844,425.324951171875,111.40606689453125,5762.47998046875
2024-10-01,224.7337646484375,140.2511444091797,2667.300048828125,166.03125,415.8260803222656,113.98165130615234,5708.75
2024-10-02,225.30003356933594,141.42225646972656,2647.10009765625,164.90774536132812,412.3072204589844,115.4927978515625,5709.5400390625
2024-10-03,224.19728088378906,141.7033233642578,2657.10009765625,164.90774536132812,411.7240295410156,116.5002212524414,5699.93994140625
2024-10-04,225.31988525390625,141.22552490234375,2645.800048828125,166.100830078125,411.24957275390625,118.63863372802734,5751.06982421875
2024-10-07,220.24325561523438,141.58151245117188,2644.800048828125,162.0442657470703,404.8049621582031,119.15184020996094,5695.93994140625
2024-10-08,224.29660034179688,139.3611297607422,2615.0,163.4362335205078,409.9151611328125,115.98700714111328,5751.1298828125
2024-10-09,228.0419921875,140.2042999267578,2606.0,160.93069458007812,412.63336181640625,116.0345230102539,5792.0400390625
2024-10-10,227.54527282714844,141.1130828857422,2620.60009765625,161.14944458007812,411.0321044921875,117.03244018554688,5780.0498046875
2024-10-11,226.06500244140625,141.86257934570312,2657.60009765625,162.30279541015625,411.5065612792969,117.47914123535156,5815.02978515625
2024-10-14,229.79054260253906,142.1998748779297,2647.800048828125,164.01292419433594,414.2939453125,117.92582702636719,5859.85009765625
2024-10-15,232.32388305664062,138.40550231933594,2661.39990234375,164.51004028320312,413.8985900878906,114.38082122802734,5815.259765625
2024-10-16,230.2673797607422,139.34237670898438,2674.0,164.21176147460938,411.3088684082031,114.67545318603516,5842.47021484375
2024-10-17,230.63497924804688,141.65646362304688,2691.0,161.9945526123047,411.9019470214844,114.38082122802734,5841.47021484375
2024-10-18,233.4663848876953,141.23487854003906,2713.699951171875,162.48175048828125,413.3253173828125,114.05768585205078,5864.669921875
2024-10-21,234.9367218017578,141.35667419433594,2723.10009765625,163.12803649902344,413.9381103515625,114.12422180175781,5853.97998046875
2024-10-22,234.32077026367188,141.3941650390625,2744.199951171875,164.19186401367188,422.5672302246094,114.71346282958984,5851.2001953125
2024-10-23,229.2540283203125,140.98191833496094,2714.39990234375,161.8454132080078,419.6908264160156,114.30479431152344,5797.419921875
2024-10-24,229.06529235839844,140.95382690429688,2734.89990234375,161.7857666015625,419.8193359375,113.65852355957031,5809.85986328125
2024-10-25,229.8998260498047,141.2910919189453,2740.89990234375,164.32113647460938,423.19976806640625,113.56348419189453,5808.1201171875
2024-10-28,231.87681579589844,141.03814697265625,2742.89990234375,165.7628173828125,421.6578063964844,113.00274658203125,5823.52001953125
2024-10-29,232.14505004882812,139.14564514160156,2768.39990234375,168.70582580566406,426.9558410644531,111.46308898925781,5832.919921875
2024-10-30,228.59837341308594,138.70530700683594,2788.5,173.45835876464844,427.5291748046875,110.90235900878906,5813.669921875
2024-10-31,224.43569946289062,139.4267120361328,2738.300048828125,170.12759399414062,401.6518249511719,110.98789978027344,5705.4501953125
2024-11-01,221.4552764892578,143.408447265625,2738.60009765625,170.30653381347656,405.6253662109375,109.24864196777344,5728.7998046875
2024-11-04,220.56114196777344,144.2516326904297,2736.10009765625,168.268310546875,403.7374572753906,112.72712707519531,5712.68994140625
2024-11-05,221.9917449951172,143.7270050048828,2740.300048828125,168.7654571533203,406.7027893066406,113.05976867675781,5782.759765625
2024-11-06,221.2665252685547,147.76495361328125,2667.60009765625,175.49659729003906,415.32196044921875,114.99858856201172,5929.0400390625
2024-11-07,225.9954376220703,146.8749237060547,2698.39990234375,179.71224975585938,420.5112609863281,115.14115142822266,5973.10009765625
2024-11-08,225.7269287109375,147.0247802734375,2687.5,177.32601928710938,417.6546630859375,115.10314178466797,5995.5400390625
2024-11-11,223.01174926757812,146.6219482421875,2611.199951171875,179.31454467773438,413.1770935058594,114.494873046875,6001.35009765625
2024-11-12,223.01174926757812,145.48831176757812,2600.0,180.57725524902344,418.1390075683594,114.38082122802734,5983.990234375
2024-11-13,223.89691162109375,148.7018280029297,2580.800048828125,177.85299682617188,420.2839050292969,115.44527435302734,5985.3798828125
2024-11-14,226.98007202148438,151.58740234375,2568.199951171875,174.57192993164062,421.9543762207031,115.52193450927734,5949.169921875
2024-11-15,223.77755737304688,151.23141479492188,2565.699951171875,171.4996795654297,410.2018127441406,114.32416534423828,5870.6201171875
2024-11-18,226.78115844726562,152.1494598388672,2610.60009765625,174.29354858398438,410.95306396484375,115.2823715209961,5893.6201171875
2024-11-19,227.0397491455078,151.05157470703125,2627.10009765625,177.09732055664062,412.9595642089844,113.6725845336914,5916.97998046875
2024-11-20,227.75584411621094,152.6889190673828,2648.199951171875,174.96963500976562,410.6861267089844,115.29196166992188,5917.10986328125
2024-11-21,227.27845764160156,152.97283935546875,2672.10009765625,166.66757202148438,408.913330078125,116.83468627929688,5948.7099609375
2024-11-22,228.62110900878906,153.66375732421875,2709.89990234375,163.81405639648438,413.00372314453125,116.70053100585938,5969.33984375
2024-11-25,231.60479736328125,151.77088928222656,2616.800048828125,166.68743896484375,414.776611328125,114.95659637451172,5987.3701171875
2024-11-26,233.7829132080078,153.8246307373047,2620.300048828125,168.1490020751953,423.888427734375,113.04016876220703,6021.6298828125
2024-11-27,233.6536102294922,153.42715454101562,2639.89990234375,168.25839233398438,418.9363098144531,112.74312591552734,5998.740234375
2024-11-29,236.04058837890625,153.25677490234375,2657.0,167.97999572753906,419.4018249511719,113.03058624267578,6032.3798828125
2024-12-02,238.28826904296875,153.5218048095703,2634.89990234375,170.5054168701172,426.8497619628906,112.92518615722656,6047.14990234375
2024-12-03,241.3316650390625,153.24729919433594,2644.699951171875,170.3562774658203,427.067626953125,112.75270080566406,6049.8798828125
2024-12-04,241.68971252441406,149.84014892578125,2653.800048828125,173.36886596679688,433.22802734375,109.50436401367188,6086.490234375
2024-12-05,241.71954345703125,150.79605102539062,2626.60009765625,171.64881896972656,438.37823486328125,109.98345947265625,6075.10986328125
2024-12-06,241.5206298828125,146.92510986328125,2638.60009765625,173.70693969726562,439.3191223144531,108.82404327392578,6090.27001953125
2024-12-09,245.40939331054688,148.66656494140625,2664.89990234375,174.56298828125,441.74566650390625,108.1820297241211,6052.85009765625
2024-12-10,246.4238739013672,148.59083557128906,2697.60009765625,184.31787109375,439.0814208984375,107.9616470336914,6034.91015625
2024-12-11,245.1508331298828,147.84315490722656,2733.800048828125,194.50079345703125,444.6871337890625,107.24299621582031,6084.18994140625
2024-12-12,246.6128387451172,146.42349243164062,2687.5,191.07662963867188,445.2516784667969,107.14717102050781,6051.25
2024-12-13,246.7819061279297,145.62847900390625,2656.0,188.94647216796875,442.983642578125,106.20811462402344,6051.08984375
2024-12-16,249.67608642578125,141.3600311279297,2651.39990234375,195.75498962402344,447.2622375488281,103.93716430664062,6074.080078125
2024-12-17,252.10281372070312,140.17701721191406,2644.39990234375,194.52069091796875,450.104736328125,103.49639129638672,6050.60986328125
2024-12-18,246.7023468017578,136.3628692626953,2636.5,187.53298950195312,433.1983337402344,101.97282409667969,5872.16015625
2024-12-19,248.43287658691406,133.58978271484375,2592.199951171875,187.6425018310547,432.8417663574219,101.1008529663086,5867.080078125
2024-12-20,253.1073760986328,135.19874572753906,2628.699951171875,190.52914428710938,432.4159240722656,101.44581604003906,5930.85009765625
2024-12-23,253.8831329345703,135.31231689453125,2612.300048828125,193.73434448242188,431.078857421875,101.85784912109375,5974.06982421875
2024-12-24,256.7972412109375,136.13571166992188,2620.0,195.20753479003906,435.1197204589844,101.95365905761719,6040.0400390625
2024-12-26,257.61273193359375,136.26820373535156,2638.800048828125,194.69989013671875,433.9114074707031,102.03990173339844,6037.58984375
2024-12-27,254.20138549804688,136.28712463378906,2617.199951171875,191.8729248046875,426.404052734375,102.03031921386719,5970.83984375
2024-12-30,250.8297882080078,135.40695190429688,2606.10009765625,190.3599395751953,420.75872802734375,101.34040069580078,5906.93994140625
2024-12-31,249.0594482421875,137.08213806152344,2629.199951171875,188.4288787841797,417.4606018066406,103.07476043701172,5881.6298828125
2025-01-02,242.525146484375,138.85198974609375,2658.89990234375,188.55825805664062,414.5685729980469,102.82563781738281,5868.5498046875
2025-01-03,242.03781127929688,139.93093872070312,2645.0,190.9073944091797,419.29290771484375,103.3526611328125,5942.47021484375
2025-01-06,243.66891479492188,139.37252807617188,2638.39990234375,195.96401977539062,423.749755859375,103.2376708984375,5975.3798828125
2025-01-07,240.89407348632812,141.57772827148438,2656.699951171875,194.59039306640625,418.322265625,104.20545959472656,5909.02978515625
2025-01-08,241.38140869140625,142.2497100830078,2664.5,193.0574493408203,420.4913024902344,102.46151733398438,5918.25
2025-01-10,235.5631866455078,144.93759155273438,2708.5,191.15625,414.93505859375,102.08781433105469,5827.0400390625
2025-01-13,233.12648010253906,147.0292205810547,2673.5,190.13099670410156,413.19195556640625,104.722900390625,5836.22021484375
2025-01-14,232.0125732421875,148.49620056152344,2677.5,188.78720092773438,411.6864929199219,105.13491821289062,5842.91015625
2025-01-15,236.57765197753906,149.84959411621094,2712.5,194.6501007080078,422.2245178222656,106.8501205444336,5949.91015625
2025-01-16,227.0198516845703,150.84336853027344,2746.39990234375,192.0222625732422,420.5111083984375,106.6680679321289,5937.33984375
2025-01-17,228.7305145263672,152.82142639160156,2744.300048828125,195.0980224609375,424.91845703125,107.62627410888672,5996.66015625
2025-01-21,221.43038940429688,149.76441955566406,2755.0,197.1385955810547,424.3935546875,106.81179809570312,6049.240234375
2025-01-22,222.6139373779297,148.03244018554688,2767.60009765625,197.45712280273438,441.9239196777344,104.95286560058594,6086.3701171875
2025-01-23,222.44483947753906,147.6538543701172,2763.10009765625,197.06890869140625,442.42901611328125,105.54695892333984,6118.7099609375
2025-01-24,221.56964111328125,147.31314086914062,2777.300048828125,199.28866577148438,439.804443359375,104.11923217773438,6101.240234375
2025-01-27,228.6111602783203,148.8085174560547,2737.5,190.9273223876953,430.3954162597656,105.56611633300781,6012.27978515625
2025-01-28,236.9655303955078,147.84315490722656,2766.800048828125,194.40126037597656,442.9143371582031,103.52513122558594,6067.7001953125
2025-01-29,238.05953979492188,147.35098266601562,2769.10009765625,194.5107421875,438.09100341796875,104.12879943847656,6039.31005859375
2025-01-30,236.29917907714844,147.94728088378906,2823.0,199.94561767578125,411.01300048828125,104.9911880493164,6071.169921875
2025-01-31,234.71778869628906,141.19915771484375,2812.5,203.0811309814453,411.08233642578125,102.36569213867188,6040.52978515625
2025-02-03,226.77120971679688,141.3411102294922,2833.89990234375,200.303955078125,406.9820556640625,102.61483001708984,5994.56982421875
2025-02-04,231.5352020263672,145.01332092285156,2853.300048828125,205.43026733398438,408.4180908203125,105.36489868164062,6037.8798828125
2025-02-05,231.2069854736328,144.79563903808594,2871.60009765625,190.4495391845703,409.329345703125,105.2882308959961,6061.47998046875
2025-02-06,231.95291137695312,143.7639923095703,2856.0,190.71827697753906,411.8350830078125,103.89884185791016,6083.56982421875
2025-02-07,226.39328002929688,144.4454345703125,2867.300048828125,184.48709106445312,405.8232116699219,104.33961486816406,6025.990234375
2025-02-10,226.662109375,147.42674255371094,2914.300048828125,185.6118927001953,408.26953125,106.33270263671875,6066.43994140625
2025-02-11,231.61053466796875,149.00726318359375,2912.5,184.4672088623047,407.4970397949219,107.0034408569336,6068.5
2025-02-12,235.84210205078125,146.60333251953125,2909.0,182.7650604248047,405.1200256347656,103.78404998779297,6051.97021484375
2025-02-13,240.4818878173828,147.5308380126953,2925.89990234375,185.28341674804688,406.60565185546875,104.53814697265625,6115.06982421875
2025-02-14,243.53855895996094,148.65045166015625,2883.60009765625,184.37759399414062,404.515869140625,104.64449310302734,6114.6298828125
2025-02-18,243.40911865234375,149.43511962890625,2931.60009765625,182.92430114746094,405.7142639160156,106.48137664794922,6129.580078125
2025-02-19,243.80738830566406,150.45904541015625,2919.39990234375,184.41741943359375,410.7950744628906,106.63606262207031,6144.14990234375
2025-02-20,244.76321411132812,151.9518585205078,2940.0,183.71067810058594,412.9684753417969,108.27958679199219,6117.52001953125
2025-02-21,244.4844207763672,150.16241455078125,2937.60009765625,178.83322143554688,405.108642578125,107.01310729980469,6013.1298828125
2025-02-24,246.0277099609375,151.09063720703125,2947.89990234375,178.4251251220703,400.93060302734375,107.57383728027344,5983.25
2025-02-25,245.9679718017578,149.68394470214844,2904.5,174.61273193359375,394.8769836425781,106.08500671386719,5955.25
2025-02-26,239.31695556640625,148.4590606689453,2916.800048828125,171.9351043701172,396.6930847167969,105.82396697998047,5956.06005859375
2025-02-27,236.27024841308594,149.9231719970703,2883.199951171875,167.72459411621094,389.5477600097656,106.49104309082031,5861.56982421875
2025-02-28,240.79054260253906,151.7891845703125,2836.800048828125,169.49636840820312,393.9739074707031,107.63185119628906,5954.5
2025-03-03,236.99708557128906,146.49732971191406,2890.199951171875,166.241455078125,385.5384826660156,104.1804428100586,5849.72021484375
2025-03-04,234.90615844726562,145.4542694091797,2909.60009765625,170.13345336914062,385.65753173828125,103.96773529052734,5778.14990234375
2025-03-05,234.71701049804688,144.31552124023438,2915.300048828125,172.2238006591797,397.9732666015625,101.9375,5842.6298828125
2025-03-06,234.30877685546875,146.3633575439453,2916.60009765625,171.55686950683594,393.8746643066406,104.04508972167969,5738.52001953125
2025-03-07,238.0325469970703,149.6073760986328,2904.699951171875,173.05992126464844,390.3218688964844,105.39857482910156,5770.2001953125
2025-03-10,226.4928436279297,150.784423828125,2891.0,165.2968292236328,377.2717590332031,108.08624267578125,5614.56005859375
2025-03-11,219.88165283203125,147.4447021484375,2912.89990234375,163.47314453125,377.5595397949219,105.533935546875,5572.06982421875
2025-03-12,216.03842163085938,146.09542846679688,2939.10009765625,166.53256225585938,380.35809326171875,105.50492858886719,5599.2998046875
2025-03-13,208.7700958251953,146.99493408203125,2984.300048828125,162.19757080078125,375.8923034667969,105.0602035522461,5521.52001953125
2025-03-14,212.5635528564453,150.2581024169922,2994.5,164.91815185546875,385.60791015625,108.18291473388672,5638.93994140625
2025-03-17,213.07135009765625,151.8848876953125,3000.0,163.72230529785156,385.7469177246094,109.98113250732422,5675.1201171875
2025-03-18,211.7670135498047,153.8848876953125,3035.10009765625,160.11480712890625,380.6062316894531,109.8651123046875,5614.66015625
2025-03-19,214.30596923828125,156.98536682128906,3035.89990234375,163.3236846923828,384.87359619140625,111.5763168334961,5675.2900390625
2025-03-20,213.17091369628906,157.67434692382812,3040.0,162.23744201660156,383.9010314941406,112.05004119873047,5662.89013671875
2025-03-21,217.32281494140625,157.65521240234375,3018.199951171875,163.42333984375,388.28741455078125,111.66331481933594,5667.56005859375
2025-03-24,219.7721405029297,157.91358947753906,3013.10009765625,167.1005859375,390.0935974121094,111.95336151123047,5767.56982421875
2025-03-25,222.77903747558594,158.7939910888672,3023.699951171875,169.9706573486328,392.1578063964844,112.71710968017578,5776.64990234375
2025-03-26,220.56866455078125,160.73655700683594,3020.89990234375,164.48963928222656,387.0072326660156,114.34131622314453,5712.2001953125
2025-03-27,222.87860107421875,159.473388671875,3060.199951171875,161.67938232421875,387.6125793457031,113.97393035888672,5693.31005859375
2025-03-28,216.9544219970703,158.93751525878906,3086.5,153.7967071533203,375.9220886230469,113.81925964355469,5580.93994140625
2025-03-31,221.1660614013672,160.08583068847656,3122.800048828125,154.1056365966797,372.5379943847656,114.97938537597656,5611.85009765625
2025-04-01,222.22146606445312,161.25326538085938,3118.89990234375,156.5272674560547,379.28631591796875,115.08573913574219,5633.06982421875
2025-04-02,222.91842651367188,159.3011474609375,3139.89990234375,156.49734497070312,379.2367248535156,114.72803497314453,5670.97021484375
2025-04-03,202.30825805664062,149.3968505859375,3097.0,150.19918823242188,370.2752990722656,108.69529724121094,5396.52001953125
2025-04-04,187.56253051757812,137.1097869873047,3012.0,145.09689331054688,357.10614013671875,100.87403106689453,5074.080078125
2025-04-07,180.6725616455078,134.11459350585938,2951.300048828125,146.24290466308594,355.14117431640625,99.52054595947266,5062.25
2025-04-08,171.67178344726562,131.0332489013672,2968.39990234375,144.19998168945312,351.86627197265625,97.4226303100586,4982.77001953125
2025-04-09,197.98709106445312,139.74136352539062,3056.5,158.16159057617188,387.5232849121094,102.28553771972656,5456.89990234375
2025-04-10,189.59365844726562,129.16722106933594,3155.199951171875,152.29193115234375,378.45269775390625,96.61052703857422,5268.0498046875
2025-04-11,197.2901153564453,129.78924560546875,3222.199951171875,156.5970001220703,385.4988098144531,99.71390533447266,5363.35986328125
2025-04-14,201.6411590576172,129.49258422851562,3204.800048828125,158.5203399658203,384.8636169433594,99.9555892944336,5405.97021484375
2025-04-15,201.2628173828125,128.74615478515625,3218.699951171875,155.76988220214844,382.7994689941406,99.67523193359375,5396.6298828125
2025-04-16,193.42698669433594,129.5308837890625,3326.60009765625,152.80018615722656,368.7867126464844,100.72901916503906,5275.7001953125
2025-04-17,196.1251983642578,131.93276977539062,3308.699951171875,150.63766479492188,364.9858093261719,103.36833953857422,5282.7001953125
2025-04-21,192.32179260253906,127.97105407714844,3406.199951171875,147.15972900390625,356.3916320800781,101.8504867553711,5158.2001953125
2025-04-22,198.8732452392578,131.3873291015625,3400.800048828125,150.9466094970703,364.0331115722656,104.7024917602539,5287.759765625
2025-04-23,203.71214294433594,130.7940216064453,3276.300048828125,154.81320190429688,371.5456237792969,103.80339050292969,5375.85986328125
2025-04-24,207.4657745361328,133.0811004638672,3332.0,158.7296142578125,384.35748291015625,105.02153015136719,5484.77001953125
2025-04-25,208.371826171875,132.7557373046875,3282.39990234375,161.4003448486328,388.8729553222656,104.9635238647461,5525.2099609375
2025-04-28,209.2281036376953,134.06674194335938,3332.5,160.0550079345703,388.1882019042969,105.02153015136719,5528.75
2025-04-29,210.29345703125,133.30117797851562,3318.800048828125,159.60658264160156,391.04632568359375,104.76050567626953,5560.830078125
2025-04-30,211.57785034179688,130.20071411132812,3305.0,158.2512664794922,392.25701904296875,102.1211929321289,5569.06005859375
2025-05-01,212.39431762695312,130.39210510253906,3210.0,160.7426300048828,422.16802978515625,102.26620483398438,5604.14013671875
2025-05-02,204.45889282226562,132.53564453125,3231.89990234375,163.4632110595703,431.9729919433594,102.68192291259766,5686.669921875
2025-05-05,198.02691650390625,129.6648406982422,3311.300048828125,163.642578125,432.8562316894531,99.83956909179688,5650.3798828125
2025-05-06,197.64854431152344,129.7605438232422,3411.39990234375,162.6659698486328,430.0179138183594,101.23174285888672,5606.91015625
2025-05-07,195.39837646484375,129.9423370361328,3381.39990234375,150.85691833496094,430.0576477050781,101.13507080078125,5631.27978515625
2025-05-08,196.6330108642578,131.1385040283203,3296.60009765625,153.74688720703125,434.84100341796875,102.54656982421875,5663.93994140625
2025-05-09,197.66847229003906,132.52609252929688,3335.39990234375,152.22218322753906,435.39678955078125,103.74537658691406,5659.91015625
2025-05-12,210.15048217773438,135.52127075195312,3220.0,157.91246032714844,445.8467712402344,105.533935546875,5844.18994140625
2025-05-13,212.2840118408203,136.2198486328125,3240.300048828125,158.978759765625,445.7276916503906,105.82396697998047,5886.5498046875
2025-05-14,211.68582153320312,135.5691375732422,3181.39990234375,164.79855346679688,449.498779296875,104.87652587890625,5892.580078125
2025-05-15,210.8084716796875,136.1337127685547,3220.699951171875,163.39344787597656,450.512939453125,105.94002532958984,5916.93017578125
2025-05-16,210.6190643310547,135.98062133789062,3182.0,165.61572265625,451.6463317871094,105.55950164794922,5958.3798828125
2025-05-19,208.14659118652344,134.1403045654297,3228.89990234375,165.96450805664062,456.2197570800781,103.88131713867188,5963.60009765625
2025-05-20,206.232421875,132.95860290527344,3280.300048828125,163.41336059570312,455.5238342285156,102.39826965332031,5940.4599609375
2025-05-21,201.4768829345703,131.30230712890625,3309.300048828125,167.97755432128906,449.9561767578125,101.13964080810547,5844.60986328125
2025-05-22,200.7490997314453,131.04078674316406,3292.300048828125,170.279541015625,452.23291015625,100.46641540527344,5842.009765625
2025-05-23,194.67758178710938,132.2515411376953,3363.60009765625,167.8878631591797,447.5799560546875,100.52495574951172,5802.81982421875
2025-05-27,199.60260009765625,133.5010223388672,3299.10009765625,172.30255126953125,458.0292663574219,101.00303649902344,5921.5400390625
2025-05-28,199.81195068359375,131.7478790283203,3293.60009765625,171.76441955566406,454.7184753417969,99.62732696533203,5888.5498046875
2025-05-29,199.3433837890625,133.57852172851562,3317.10009765625,171.26614379882812,456.0308837890625,100.19322204589844,5912.169921875
2025-05-30,200.24066162109375,132.40650939941406,3288.89990234375,171.14654541015625,457.701171875,99.81271362304688,5911.68994140625
2025-06-02,201.08807373046875,133.5106964111328,3370.60009765625,168.4459228515625,459.3018798828125,100.54447937011719,5935.93994140625
2025-06-03,202.6533203125,135.16700744628906,3350.199951171875,165.6057586669922,460.29608154296875,101.2762451171875,5970.3701171875
2025-06-04,202.20468139648438,133.0554656982422,3373.5,167.4693145751953,461.1908874511719,99.81271362304688,5970.81005859375
2025-06-05,200.02133178710938,132.6002197265625,3350.699951171875,167.62876892089844,464.9788818359375,99.35414123535156,5939.2998046875
2025-06-06,203.30133056640625,135.8062744140625,3322.699951171875,173.07984924316406,467.6632995605469,101.73480987548828,6000.35986328125
2025-06-09,200.83883666992188,136.3389892578125,3332.10009765625,175.6939697265625,470.0196228027344,102.41779327392578,6005.8798828125
2025-06-10,202.05511474609375,138.84764099121094,3320.89990234375,178.19833374023438,468.2001953125,104.61308288574219,6038.81005859375
2025-06-11,198.17694091796875,140.23272705078125,3321.300048828125,176.95114135742188,469.8903503417969,106.65226745605469,6022.240234375
2025-06-12,198.5956573486328,140.41676330566406,3380.89990234375,175.30484008789062,476.104248046875,107.06206512451172,6045.259765625
2025-06-13,195.85398864746094,141.32723999023438,3431.199951171875,174.27716064453125,472.2168273925781,109.39395141601562,5976.97021484375
2025-06-16,197.8180389404297,141.44346618652344,3396.39990234375,176.3724365234375,476.37274169921875,109.74520111083984,6033.10986328125
2025-06-17,195.0464630126953,144.17489624023438,3386.60009765625,175.5542755126953,475.2790832519531,111.22823333740234,5982.72021484375
2025-06-18,195.9835968017578,143.53562927246094,3389.800048828125,172.93020629882812,477.4663391113281,110.43793487548828,5980.8701171875
2025-06-20,200.39019775390625,144.85292053222656,3368.10009765625,166.26522827148438,474.6427307128906,111.91120910644531,5967.83984375
2025-06-23,200.888671875,142.24740600585938,3377.699951171875,164.8184814453125,483.1930847167969,109.02317810058594,6025.169921875
2025-06-24,199.6923065185547,139.04136657714844,3317.39990234375,166.3949432373047,487.2793273925781,105.70584869384766,6092.18017578125
2025-06-25,200.94850158691406,138.7313995361328,3327.10009765625,170.296142578125,489.4268798828125,105.73512268066406,6092.16015625
2025-06-26,200.39019775390625,139.90341186523438,3333.5,173.14968872070312,494.57696533203125,107.31573486328125,6141.02001953125
2025-06-27,200.46995544433594,139.27383422851562,3273.699951171875,178.12847900390625,493.07568359375,106.72056579589844,6173.06982421875
2025-06-30,204.54754638671875,138.69268798828125,3294.39990234375,175.83364868164062,494.53717041015625,105.1789779663086,6204.9501953125
2025-07-01,207.18951416015625,140.99794006347656,3336.699951171875,175.44451904296875,489.2080993652344,106.58396911621094,6198.009765625
2025-07-02,211.79550170898438,143.33221435546875,3348.0,178.23822021484375,488.2536926269531,108.34996795654297,6227.419921875
2025-07-03,212.90213012695312,143.70997619628906,3331.60009765625,179.126220703125,495.9589538574219,109.47200012207031,6279.35009765625
2025-07-07,209.3130340576172,142.77044677734375,3332.199951171875,176.3923797607422,494.84539794921875,108.40850067138672,6229.97998046875
2025-07-08,209.3728485107422,148.42703247070312,3307.0,173.9678497314453,493.7517395019531,111.41361999511719,6225.52001953125
2025-07-09,210.49942016601562,148.21392822265625,3311.60009765625,176.22276306152344,500.60198974609375,111.0331039428711,6263.259765625
2025-07-10,211.7655792236328,149.32781982421875,3317.39990234375,177.22052001953125,498.58367919921875,112.13562774658203,6280.4599609375
2025-07-11,210.51937866210938,150.4320068359375,3356.0,179.78475952148438,500.4130554199219,112.62347412109375,6259.75
2025-07-14,207.98707580566406,146.88693237304688,3351.5,181.1516571044922,500.1147766113281,111.15018463134766,6268.56005859375
2025-07-15,208.4755859375,145.95712280273438,3329.800048828125,181.59066772460938,502.89862060546875,110.16474151611328,6243.759765625
2025-07-16,209.52239990234375,145.21128845214844,3352.5,182.55850219726562,502.6997985839844,109.50127410888672,6263.7001953125
2025-07-17,209.38284301757812,146.6254425048828,3340.10009765625,183.1671142578125,508.7446594238281,108.94513702392578,6297.35986328125
2025-07-18,210.53929138183594,145.3275146484375,3353.0,184.64378356933594,507.1041564941406,105.14971160888672,6296.7900390625
2025-07-21,211.83535766601562,144.97882080078125,3401.89990234375,189.67245483398438,507.1141357421875,105.42290496826172,6305.60009765625
2025-07-22,213.74952697753906,145.3275146484375,3439.199951171875,190.90966796875,502.3517761230469,105.90099334716797,6309.6201171875
2025-07-23,213.5002899169922,148.310791015625,3394.10009765625,189.8021697998047,502.94830322265625,107.25719451904297,6358.91015625
2025-07-24,213.11148071289062,150.93568420410156,3371.0,191.73779296875,507.9294128417969,108.09628295898438,6363.35009765625
2025-07-25,213.2311248779297,149.9767608642578,3334.0,192.7455291748047,510.7430725097656,107.71576690673828,6388.64013671875
2025-07-28,213.40060424804688,151.3715362548828,3309.10009765625,192.14686584472656,509.5400085449219,108.73048400878906,6389.77001953125
2025-07-29,210.62904357910156,152.09799194335938,3323.39990234375,195.30975341796875,509.609619140625,110.13545989990234,6370.85986328125
2025-07-30,208.415771484375,148.73696899414062,3295.800048828125,196.08799743652344,510.2757568359375,109.1792984008789,6362.89990234375
2025-07-31,206.9402618408203,146.8772735595703,3293.199951171875,191.46839904785156,530.4187622070312,108.92561340332031,6339.39013671875
2025-08-01,201.76602172851562,146.64480590820312,3347.699951171875,188.7046356201172,521.0829467773438,106.9742431640625,6238.009765625
2025-08-04,202.7330780029297,146.29611206054688,3374.39990234375,194.60133361816406,532.5463256835938,104.75943756103516,6329.93994140625
2025-08-05,202.30438232421875,148.23329162597656,3381.89990234375,194.232177734375,524.7019653320312,104.63259887695312,6299.18994140625
2025-08-06,212.60302734375,147.98146057128906,3380.0,195.6489715576172,521.908203125,103.92034912109375,6345.06005859375
2025-08-07,219.3624725341797,148.3495330810547,3400.300048828125,196.07801818847656,517.8318481445312,103.37396240234375,6340.0
2025-08-08,228.65420532226562,150.14141845703125,3439.10009765625,200.9669952392578,519.0249633789062,104.20330047607422,6389.4501953125
2025-08-11,226.74781799316406,148.6304168701172,3353.10009765625,200.54794311523438,518.7565307617188,103.25688171386719,6373.4501953125
2025-08-12,229.21310424804688,149.58932495117188,3348.89990234375,202.88267517089844,526.183349609375,103.54957580566406,6445.759765625
2025-08-13,232.88612365722656,150.97439575195312,3358.699951171875,201.50579833984375,517.5733642578125,104.98384094238281,6466.580078125
2025-08-14,232.33717346191406,150.28671264648438,3335.199951171875,202.48358154296875,519.4623413085938,104.7691879272461,6468.5400390625
2025-08-15,231.1494140625,151.633056640625,3336.0,203.44140625,517.1657104492188,104.86766815185547,6449.7998046875
2025-08-18,230.45074462890625,150.4416961669922,3331.699951171875,203.04232788085938,514.1134643554688,105.09416961669922,6449.14990234375
2025-08-19,230.1213836669922,148.86488342285156,3313.39990234375,201.11666870117188,506.8257751464844,105.78350067138672,6411.3701171875
2025-08-20,225.5800323486328,150.0597381591797,3343.39990234375,198.87171936035156,502.7991638183594,106.8765869140625,6395.77978515625
2025-08-21,224.47213745117188,152.3416748046875,3336.89990234375,199.3007354736328,502.15185546875,107.56593322753906,6370.169921875
2025-08-22,227.3267059326172,154.91741943359375,3374.39990234375,205.62649536132812,505.1295166015625,109.58470153808594,6466.91015625
2025-08-25,226.7278594970703,154.93701171875,3373.800048828125,208.02108764648438,502.17181396484375,110.03768157958984,6439.31982421875
2025-08-26,228.87376403808594,154.1143341064453,3388.60009765625,206.6741180419922,499.96099853515625,109.79148864746094,6465.93994140625
2025-08-27,230.05152893066406,155.95558166503906,3404.60009765625,207.01336669921875,504.6415100097656,111.03230285644531,6481.39990234375
2025-08-28,232.11758422851562,156.03392028808594,3431.800048828125,211.16400146484375,507.5295104980469,111.62316131591797,6501.85986328125
2025-08-29,231.69837951660156,157.2875213623047,3473.699951171875,212.43115234375,504.59173583984375,112.54883575439453,6460.259765625
2025-09-02,229.28298950195312,158.4921417236328,3549.39990234375,210.8746795654297,503.0282287597656,112.9427490234375,6415.5400390625
2025-09-03,238.01634216308594,154.79989624023438,3593.199951171875,230.1412353515625,503.2572937011719,110.2051010131836,6448.259765625
2025-09-04,239.3238525390625,154.4375457763672,3565.800048828125,231.7775421142578,505.866455078125,110.68763732910156,6502.080078125
2025-09-05,239.2340087890625,150.4906463623047,3613.199951171875,234.4714813232422,492.9501647949219,107.56593322753906,6481.5
2025-09-08,237.42745971679688,150.82363891601562,3638.10009765625,233.72247314453125,496.13690185546875,108.17648315429688,6495.14990234375
2025-09-09,233.9041748046875,151.65611267089844,3643.300048828125,239.30490112304688,496.3460388183594,108.96429443359375,6512.60986328125
2025-09-10,226.35855102539062,154.53546142578125,3643.60009765625,238.84552001953125,498.29791259765625,110.7861099243164,6532.0400390625
2025-09-11,229.59239196777344,154.98597717285156,3636.89990234375,240.0438995361328,498.9352722167969,110.43159484863281,6587.47021484375
2025-09-12,233.62472534179688,153.86949157714844,3649.39990234375,240.4733123779297,507.7884521484375,110.4512939453125,6584.2900390625
2025-09-15,236.24969482421875,154.06536865234375,3682.199951171875,251.26864624023438,513.225830078125,110.63839721679688,6615.27978515625
2025-09-16,237.6969451904297,156.24935913085938,3688.89990234375,250.8192596435547,506.9320068359375,112.93289947509766,6606.759765625
2025-09-17,238.5353546142578,156.78802490234375,3681.800048828125,249.19146728515625,507.9079284667969,113.53359985351562,6600.35009765625
2025-09-18,237.42745971679688,155.56381225585938,3643.699951171875,251.68807983398438,506.3444519042969,112.19432830810547,6631.9599609375
2025-09-19,245.032958984375,152.98806762695312,3671.5,254.3744354248047,515.78515625,111.10123443603516,6664.35986328125
2025-09-22,255.5928192138672,152.83135986328125,3740.699951171875,252.18740844726562,512.319580078125,110.31341552734375,6693.75
2025-09-23,253.9459686279297,154.173095703125,3780.60009765625,251.31858825683594,507.1212463378906,112.2140121459961,6656.919921875
2025-09-24,251.8300018310547,155.8968048095703,3732.10009765625,246.80471801757812,508.0373840332031,112.81472778320312,6637.97021484375
2025-09-25,256.3813171386719,157.40504455566406,3736.89990234375,245.45652770996094,504.9303283691406,113.82903289794922,6604.72021484375
2025-09-26,254.97401428222656,156.85659790039062,3775.300048828125,246.2055206298828,509.34197998046875,115.4342041015625,6643.7001953125
2025-09-29,253.9459686279297,152.8803253173828,3820.89990234375,243.71890258789062,512.4689331054688,112.47990417480469,6661.2099609375
2025-09-30,254.14559936523438,152.08702087402344,3840.800048828125,242.77020263671875,515.8051147460938,111.03230285644531,6688.4599609375
2025-10-01,254.9640350341797,151.3916778564453,3867.5,244.5677490234375,517.557861328125,110.28387451171875,6711.2001953125
2025-10-02,256.6408386230469,150.2066192626953,3839.699951171875,245.356689453125,513.604248046875,109.59454345703125,6715.35009765625
2025-10-03,257.5291442871094,150.38291931152344,3880.800048828125,245.0171356201172,515.20751953125,111.53453063964844,6715.7900390625
2025-10-06,256.2016906738281,150.84323120117188,3948.5,250.09024047851562,526.3811645507812,112.460205078125,6740.27978515625
2025-10-07,255.99208068847656,151.71487426757812,3976.60009765625,245.42657470703125,521.8101196289062,112.51929473876953,6714.58984375
2025-10-08,257.5690612792969,150.5690155029297,4043.300048828125,244.2881317138672,522.676513671875,112.28295135498047,6753.72021484375
2025-10-09,253.55670166015625,148.5123291015625,3946.300048828125,241.2023162841797,520.2366943359375,111.18986511230469,6735.10986328125
2025-10-10,244.80340576171875,145.82882690429688,3975.89990234375,236.24905395507812,508.84405517578125,109.04307556152344,6552.509765625
2025-10-13,247.18885803222656,148.80612182617188,4108.60009765625,243.8187713623047,511.9212341308594,110.53006744384766,6654.72021484375
2025-10-14,247.29864501953125,149.24685668945312,4138.7001953125,245.11700439453125,511.4432373046875,110.57930755615234,6644.31005859375
2025-10-15,248.8656463623047,148.97262573242188,4176.89990234375,250.68943786621094,511.3038024902344,109.90966796875,6671.06005859375
2025-10-16,246.979248046875,148.58087158203125,4280.2001953125,251.1188507080078,509.4913330078125,108.9544448852539,6629.06982421875
2025-10-17,251.81002807617188,149.92262268066406,4189.89990234375,252.95635986328125,511.4532470703125,110.53006744384766,6664.009765625
2025-10-20,261.7411193847656,151.2937469482422,4336.39990234375,256.2019348144531,514.6498413085938,110.9830551147461,6735.1298828125
2025-10-21,262.2701110839844,150.6179656982422,4087.699951171875,250.12020874023438,515.5162963867188,110.99291229248047,6735.35009765625
2025-10-22,257.9583435058594,152.36126708984375,4044.39990234375,251.34854125976562,518.3843994140625,112.96244049072266,6699.39990234375
2025-10-23,259.0861511230469,153.33084106445312,4125.5,252.7366485595703,518.404296875,114.21309661865234,6738.43994140625
2025-10-24,262.32000732421875,152.35145568847656,4118.39990234375,259.5674133300781,521.441650390625,113.632080078125,6791.68994140625
2025-10-27,268.2986145019531,152.07723999023438,4001.89990234375,268.9046630859375,529.3189697265625,114.1737060546875,6875.16015625
2025-10-28,268.4882507324219,150.9509735107422,3966.199951171875,267.1071472167969,539.8252563476562,113.2775650024414,6890.89013671875
2025-10-29,269.1869201660156,151.9009552001953,3983.699951171875,274.197509765625,539.307373046875,114.67593383789062,6890.58984375
2025-10-30,270.8836669921875,150.35354614257812,4001.300048828125,281.09814453125,523.582763671875,112.9427490234375,6822.33984375
2025-10-31,269.85565185546875,154.4669189453125,3982.199951171875,280.80853271484375,515.6656494140625,112.6177749633789,6840.2001953125
2025-11-03,268.53814697265625,150.86280822753906,4000.300048828125,283.3350830078125,514.888916015625,112.02691650390625,6851.97021484375
2025-11-04,269.5262756347656,150.22622680664062,3947.699951171875,277.1634826660156,512.2001342773438,112.40113067626953,6771.5498046875
2025-11-05,269.6260986328125,149.5112762451172,3980.300048828125,283.9242858886719,505.0597839355469,111.94813537597656,6796.2900390625
2025-11-06,269.25677490234375,149.78550720214844,3979.89990234375,284.36370849609375,495.04144287109375,112.7556381225586,6720.31982421875
2025-11-07,267.9592590332031,151.82261657714844,3999.39990234375,278.4516906738281,494.7626037597656,115.4342041015625,6728.7998046875
2025-11-10,269.1781311035156,152.43960571289062,4111.7998046875,289.7064208984375,503.9045715332031,116.4189682006836,6832.43017578125
2025-11-11,274.99267578125,153.01744079589844,4106.7998046875,290.9147644042969,506.573486328125,117.9552001953125,6846.60986328125
2025-11-12,273.21435546875,150.1576690673828,4204.39990234375,286.3210144042969,509.0233154296875,116.32048797607422,6850.919921875
2025-11-13,272.6948547363281,152.3710479736328,4186.89990234375,278.19207763671875,501.205810546875,116.98028564453125,6737.490234375
2025-11-14,272.15533447265625,154.3689727783203,4087.60009765625,276.0350036621094,508.0672607421875,118.50015258789062,6734.10986328125
2025-11-17,267.2099609375,151.62673950195312,4068.300048828125,284.63330078125,505.3883972167969,116.90081024169922,6672.41015625
2025-11-18,267.19000244140625,152.1317901611328,4061.300048828125,283.8943176269531,491.74517822265625,118.24187469482422,6617.31982421875
2025-11-19,268.3089294433594,150.2303924560547,4077.699951171875,292.4127502441406,485.1027526855469,116.572998046875,6642.16015625
2025-11-20,266.0010986328125,148.85385131835938,4056.5,289.05731201171875,477.3404846191406,116.24517822265625,6538.759765625
2025-11-21,271.2361755371094,148.5270538330078,4076.699951171875,299.2534484863281,471.04486083984375,116.3047866821289,6602.990234375
2025-11-24,275.6620788574219,148.29928588867188,4091.89990234375,318.14776611328125,472.92059326171875,115.20213317871094,6705.1201171875
2025-11-25,276.7110900878906,147.09109497070312,4139.2001953125,323.0011901855469,475.90374755859375,113.75180053710938,6765.8798828125
2025-11-26,277.29052734375,148.0615997314453,4165.2001953125,319.5159606933594,484.3943786621094,114.01007843017578,6812.60986328125
2025-11-28,278.5893249511719,149.66592407226562,4218.2998046875,319.74560546875,490.88958740234375,115.1524658203125,6849.08984375
2025-12-01,282.8353576660156,151.06224060058594,4239.2998046875,314.4627990722656,485.6315612792969,115.8577651977539,6812.6298828125
2025-12-02,285.9224548339844,148.79443359375,4186.60009765625,315.38153076171875,488.8841552734375,114.61603546142578,6829.3701171875
2025-12-03,283.8843688964844,150.1214599609375,4199.2998046875,319.1963806152344,476.64208984375,117.02001953125,6849.72021484375
2025-12-04,280.4375915527344,150.7849578857422,4211.7998046875,317.1890869140625,479.7449951171875,116.36438751220703,6857.1201171875
2025-12-05,278.5193786621094,148.54685974121094,4212.89990234375,320.8341064453125,482.0597229003906,115.76836395263672,6870.39990234375
2025-12-08,277.6302185058594,147.2693634033203,4187.2001953125,313.49932861328125,489.9018249511719,115.21207427978516,6846.509765625
2025-12-09,276.9208679199219,147.05149841308594,4206.7001953125,316.85693359375,490.8995361328125,117.467041015625,6840.509765625
2025-12-10,278.5193786621094,149.94320678710938,4196.39990234375,319.9847412109375,477.4701843261719,118.74849700927734,6886.68017578125
2025-12-11,277.77008056640625,149.2598876953125,4285.5,312.210205078125,482.3690185546875,118.74849700927734,6901.0
2025-12-12,278.0198669433594,148.53695678710938,4300.10009765625,309.07244873046875,477.4402770996094,118.03326416015625,6827.41015625
2025-12-15,273.8537292480469,148.3488006591797,4306.7001953125,308.003173828125,473.73870849609375,116.98028564453125,6816.509765625
2025-12-16,274.353271484375,145.32833862304688,4304.5,306.3543395996094,475.3051452636719,113.9206771850586,6800.259765625
2025-12-17,271.58587646484375,148.07151794433594,4347.5,296.5112609863281,475.0357360839844,116.63260650634766,6721.43017578125
2025-12-18,271.935546875,146.25924682617188,4339.5,302.2472229003906,482.87786865234375,115.76836395263672,6774.759765625
2025-12-19,273.4141845703125,146.3186492919922,4361.39990234375,306.9439392089844,484.8134460449219,115.91736602783203,6834.5
2025-12-22,270.7166748046875,148.3488006591797,4444.60009765625,309.56207275390625,483.81573486328125,117.3676986694336,6878.490234375
2025-12-23,272.1053771972656,149.05191040039062,4482.7998046875,314.1288757324219,485.7413330078125,118.62928771972656,6909.7900390625
2025-12-24,273.55401611328125,149.04202270507812,4480.60009765625,313.8690490722656,486.90863037109375,118.43061828613281,6932.0498046875
2025-12-26,273.1444091796875,148.56666564941406,4529.10009765625,313.2894592285156,486.599365234375,118.32134246826172,6929.93994140625
2025-12-29,273.50408935546875,149.5272674560547,4325.10009765625,313.33941650390625,485.9907531738281,119.73194122314453,6905.740234375
2025-12-30,272.82470703125,150.83447265625,4370.10009765625,313.6292419433594,486.3699035644531,120.18889617919922,6896.240234375
2025-12-31,271.6058349609375,150.9335174560547,4325.60009765625,312.7798156738281,482.5186767578125,119.54319763183594,6845.5
2026-01-02,270.75665283203125,154.3896942138672,4314.39990234375,314.9283142089844,471.8630065917969,121.83790588378906,6858.47021484375
2026-01-05,267.0101623535156,162.2626953125,4436.89990234375,316.3173522949219,471.773193359375,124.52996063232422,6902.0498046875
2026-01-06,262.1147155761719,155.02349853515625,4482.2001953125,314.1188659667969,477.4203186035156,120.24850463867188,6944.81982421875
2026-01-07,260.08660888671875,153.6964874267578,4449.2998046875,321.7535095214844,482.3690185546875,117.7054443359375,6920.93017578125
2026-01-08,258.7978515625,157.70724487304688,4449.7001953125,325.2110595703125,477.0212097167969,122.09618377685547,6921.4599609375
2026-01-09,259.1275329589844,160.53955078125,4490.2998046875,328.3388671875,478.1885681152344,123.78492736816406,6966.27978515625
2026-01-12,260.0067138671875,160.76730346679688,4604.2998046875,331.62652587890625,476.09332275390625,123.2087631225586,6977.27001953125
2026-01-13,260.8059387207031,162.28248596191406,4589.2001953125,335.7336730957031,469.5981750488281,125.7021484375,6963.740234375
2026-01-14,259.71697998046875,165.61985778808594,4626.2998046875,335.603759765625,458.3338928222656,129.33790588378906,6926.60009765625
2026-01-15,257.9685974121094,164.55030822753906,4616.2998046875,332.5458984375,455.6200866699219,128.27500915527344,6944.47021484375
2026-01-16,255.29112243652344,164.6493377685547,4588.39990234375,329.7678527832031,458.8127746582031,129.02996826171875,6940.009765625
2026-01-20,246.46937561035156,163.69863891601562,4759.60009765625,321.77349853515625,453.48492431640625,129.59620666503906,6796.85986328125
2026-01-21,247.41848754882812,165.11477661132812,4831.7998046875,328.1490173339844,443.0986328125,132.725341796875,6875.6201171875
2026-01-22,248.1178436279297,165.04547119140625,4908.7998046875,330.3074951171875,450.1126403808594,132.75514221191406,6913.35009765625
2026-01-23,247.80812072753906,165.10488891601562,4976.2001953125,327.6993103027344,464.888916015625,134.0763397216797,6915.60986328125
2026-01-26,255.17123413085938,165.8773193359375,5079.7001953125,333.02557373046875,469.20904541015625,133.9471893310547,6950.22998046875
2026-01-27,258.0285339355469,167.4123077392578,5079.89990234375,334.31463623046875,479.485595703125,135.92401123046875,6978.60009765625
2026-01-28,256.2002868652344,168.28378295898438,5301.60009765625,335.7736511230469,480.533203125,136.66905212402344,6978.02978515625
2026-01-29,258.0385437011719,169.53158569335938,5318.39990234375,338.0120544433594,432.5128173828125,139.57965087890625,6969.009765625
2026-01-30,259.2374267578125,175.18626403808594,4713.89990234375,337.7622375488281,429.31011962890625,140.4637451171875,6939.02978515625
2026-02-02,269.7575988769531,172.3440704345703,4622.5,343.4482421875,422.4058837890625,137.48361206054688,6976.43994140625
2026-02-03,269.22808837890625,176.31521606445312,4903.7001953125,339.47100830078125,410.2735595703125,142.7783203125,6917.81005859375
2026-02-04,276.23150634765625,179.47430419921875,4920.39990234375,332.80572509765625,413.2467956542969,146.61276245117188,6882.72021484375
2026-02-05,275.6520690917969,177.49368286132812,4861.39990234375,331.0169677734375,392.7735290527344,145.11277770996094,6798.39990234375
2026-02-06,277.8599853515625,179.10789489746094,4951.2001953125,322.63287353515625,400.22650146484375,148.0631103515625,6932.2998046875
2026-02-09,274.6199951171875,180.8310546875,5050.89990234375,324.09185791015625,412.65814208984375,150.20880126953125,6964.81982421875
2026-02-10,273.67999267578125,180.4943389892578,5003.7998046875,318.3558654785156,412.328857421875,150.58628845214844,6941.81005859375
2026-02-11,275.5,184.0198516845703,5071.60009765625,310.7412414550781,403.4491271972656,154.52999877929688,6941.47021484375
2026-02-12,261.7300109863281,180.6329803466797,4923.7001953125,308.7826232910156,400.9248962402344,149.92999267578125,6832.759765625
2026-02-13,255.77999877929688,181.9600067138672,5022.0,305.50494384765625,400.4060974121094,148.4499969482422,6836.169921875
2026-02-17,263.8800048828125,180.5500030517578,4882.89990234375,301.8075256347656,395.95623779296875,146.19000244140625,6843.22021484375
2026-02-18,264.3500061035156,183.8699951171875,4986.5,303.1166076660156,398.69000244140625,150.67999267578125,6881.31005859375
2026-02-19,260.5799865722656,184.77999877929688,4975.89990234375,302.636962890625,398.4599914550781,150.97000122070312,6861.89013671875
2026-02-20,264.5799865722656,183.92999267578125,5059.2998046875,314.7584228515625,397.2300109863281,147.27999877929688,6909.509765625
2026-02-23,266.17999267578125,184.91000366210938,5204.7001953125,311.2708740234375,384.4700012207031,150.75999450683594,6837.75
2026-02-24,272.1400146484375,185.33999633789062,5155.7998046875,310.6813049316406,389.0,149.25999450683594,6890.06982421875
2026-02-25,274.2300109863281,184.22000122070312,5206.39990234375,312.67987060546875,400.6000061035156,149.05999755859375,6946.1298828125
2026-02-26,272.95001220703125,184.16000366210938,5176.5,307.1637878417969,401.7200012207031,148.5399932861328,6908.85986328125
2026-02-27,264.17999267578125,186.75999450683594,5230.5,311.54071044921875,392.739990234375,152.5,6878.8798828125
2026-03-02,264.7200012207031,189.60000610351562,5294.39990234375,306.3043518066406,398.54998779296875,154.22000122070312,6881.6201171875
2026-03-03,263.75,188.77000427246094,5107.39990234375,303.3664245605469,403.92999267578125,151.8300018310547,6816.6298828125
2026-03-04,262.5199890136719,186.02999877929688,5120.2001953125,302.9167785644531,405.20001220703125,149.82000732421875,6869.5
2026-03-05,260.2900085449219,189.89999389648438,5065.2998046875,300.6683349609375,410.67999267578125,150.75999450683594,6830.7099609375
2026-03-06,257.4599914550781,189.94000244140625,5146.10009765625,298.30999755859375,408.9599914550781,151.2100067138672,6740.02001953125
2026-03-09,259.8800048828125,189.44000244140625,5091.5,306.3599853515625,409.4100036621094,150.44000244140625,6795.990234375
2026-03-10,260.8299865722656,186.2899932861328,5229.7001953125,307.0400085449219,405.760009765625,148.1300048828125,6781.47998046875
2026-03-11,260.80999755859375,191.7899932861328,5167.39990234375,308.70001220703125,404.8800048828125,151.5800018310547,6775.7998046875
2026-03-12,255.75999450683594,196.97000122070312,5115.7998046875,303.54998779296875,401.8599853515625,153.52999877929688,6672.6201171875
2026-03-13,250.1199951171875,196.82000732421875,5052.5,302.2799987792969,395.54998779296875,156.1199951171875,6632.18994140625
2026-03-16,252.82000732421875,196.83999633789062,4994.0,305.55999755859375,399.95001220703125,157.22999572753906,6699.3798828125
2026-03-17,254.22999572753906,197.97000122070312,5001.0,310.9200134277344,399.4100036621094,158.80999755859375,6716.08984375
2026-03-18,249.94000244140625,198.61000061035156,4889.89990234375,307.69000244140625,391.7900085449219,157.58999633789062,6624.7001953125
2026-03-19,248.9600067138672,201.44000244140625,4600.7001953125,307.1300048828125,389.0199890136719,158.16000366210938,6606.490234375
2026-03-20,247.99000549316406,201.72999572753906,4570.39990234375,301.0,381.8699951171875,159.6699981689453,6506.47998046875
2026-03-23,251.49000549316406,205.2100067138672,4404.10009765625,302.05999755859375,383.0,161.1300048828125,6581.0
2026-03-24,251.63999938964844,206.7899932861328,4399.2998046875,290.44000244140625,372.739990234375,165.3800048828125,6556.3701171875
2026-03-25,252.6199951171875,205.14999389648438,4549.7998046875,290.92999267578125,371.0400085449219,163.25999450683594,6591.89990234375
2026-03-26,252.88999938964844,207.7899932861328,4375.5,280.9200134277344,365.9700012207031,165.42999267578125,6477.16015625
2026-03-27,248.8000030517578,211.14999389648438,4492.0,274.3399963378906,356.7699890136719,170.99000549316406,6368.85009765625
2026-03-30,246.6300048828125,210.7100067138672,4526.0,273.5,358.9599914550781,171.47000122070312,6343.72021484375
2026-03-31,253.7899932861328,206.89999389648438,4647.60009765625,287.55999755859375,370.1700134277344,169.66000366210938,6528.52001953125
